"Source","Target"
"13539","12968"
"13539","13226"
"13226","12882"
"13226","12907"
"13226","13138"
"12882","12700"
"12882","12768"
"12882","12869"
"11915","11827"
"13349","13226"
"13505","13435"
"11953","11490"
"11953","11921"
"13092","13035"
"13123","12902"
"13123","12759"
"13123","12845"
"13702","12881"
"11862","11652"
"11834","11814"
"12677","12320"
"12038","11647"
"12038","11790"
"12038","11912"
"12038","10485"
"12038","11969"
"12038","11331"
"12038","11177"
"12038","10127"
"12038","10865"
"12038","10899"
"12038","11057"
"12038","11477"
"12038","11752"
"12038","11761"
"12038","11652"
"12038","11902"
"12038","11905"
"12038","11345"
"12038","11371"
"12038","11578"
"12038","11658"
"12038","11659"
"12038","10480"
"12038","11030"
"12038","11490"
"12038","12009"
"12670","12193"
"12670","12295"
"12670","12351"
"12670","12409"
"12670","12463"
"12670","12506"
"12670","12554"
"12670","12587"
"12670","12629"
"11726","11712"
"12231","11790"
"12295","12193"
"13113","13035"
"12156","12148"
"12156","12083"
"12156","12121"
"12156","12038"
"12156","11912"
"10807","9912"
"10807","10521"
"12409","12193"
"12409","12295"
"12409","12351"
"13103","13011"
"12463","12193"
"12463","12295"
"12463","12351"
"12463","12409"
"12506","12193"
"12506","12295"
"12506","12351"
"12506","12409"
"12506","12463"
"12554","12193"
"12554","12295"
"12554","12351"
"12554","12409"
"12554","12463"
"12554","12506"
"13134","13101"
"12587","12193"
"12587","12295"
"12587","12351"
"12587","12409"
"12587","12463"
"12587","12506"
"12587","12554"
"11933","11930"
"13305","13035"
"13305","13226"
"10956","10841"
"12706","12193"
"12706","12295"
"12706","12351"
"12706","12409"
"12706","12463"
"12706","12506"
"12706","12554"
"12706","12587"
"12706","12629"
"12706","12670"
"12753","12193"
"12753","12295"
"12753","12351"
"12753","12409"
"12753","12463"
"12753","12506"
"12753","12554"
"12753","12587"
"12753","12629"
"12753","12670"
"12753","12706"
"11734","11287"
"12791","12193"
"12791","12295"
"12791","12351"
"12791","12409"
"12791","12463"
"12791","12506"
"12791","12554"
"12791","12587"
"12791","12629"
"12791","12670"
"12791","12706"
"12791","12753"
"12660","12591"
"12840","12193"
"12840","12295"
"12840","12351"
"12840","12409"
"12840","12463"
"12840","12506"
"12840","12554"
"12840","12587"
"12840","12629"
"12840","12670"
"12840","12706"
"12840","12753"
"12840","12791"
"12351","12193"
"12351","12295"
"12876","12677"
"12712","12675"
"12629","12193"
"12629","12295"
"12629","12351"
"12629","12409"
"12629","12463"
"12629","12506"
"12629","12554"
"12629","12587"
"13256","12876"
"13104","13021"
"12903","12193"
"12903","12295"
"12903","12351"
"12903","12409"
"12903","12463"
"12903","12506"
"12903","12554"
"12903","12587"
"12903","12629"
"12903","12670"
"12903","12706"
"12903","12753"
"12903","12791"
"12903","12840"
"12955","12193"
"12955","12295"
"12955","12351"
"12955","12409"
"12955","12463"
"12955","12506"
"12955","12554"
"12955","12587"
"12955","12629"
"12955","12670"
"12955","12706"
"12955","12753"
"12955","12791"
"12955","12840"
"12955","12903"
"11502","11287"
"12320","12232"
"11381","10807"
"13211","12866"
"9604","9568"
"13200","13035"
"13200","13092"
"13200","13113"
"13521","13237"
"10596","9908"
"10596","9701"
"13329","12958"
"12768","12700"
"13270","13021"
"10783","10530"
"12902","12759"
"13419","12881"
"13419","13346"
"11819","11814"
"11930","11790"
"11930","11912"
"11930","11814"
"11287","10910"
"11287","10961"
"13021","12999"
"13021","12928"
"12083","11814"
"10961","10910"
"11775","11726"
"11775","11748"
"11775","11743"
"11855","11814"
"13111","11348"
"11912","11790"
"11882","11345"
"11882","11371"
"11882","11578"
"11882","11658"
"11882","11659"
"10751","10127"
"11160","9703"
"12058","11902"
"11393","11248"
"11393","11268"
"10734","10657"
"11268","11248"
"12121","12083"
"13636","13549"
"13636","12866"
"13636","13563"
"13636","13609"
"13636","13610"
"10216","10210"
"13707","13563"
"13707","13610"
"11098","10001"
"11098","10008"
"11098","10202"
"11098","10292"
"11098","10420"
"11098","10469"
"11098","10594"
"11098","10659"
"11098","10714"
"11098","10735"
"11098","10809"
"11098","10984"
"10942","10849"
"13744","12881"
"13744","13642"
"11095","10952"
"12665","12658"
"11553","10001"
"11553","10008"
"11553","10292"
"11553","11098"
"11057","10841"
"11760","11318"
"11760","11351"
"13511","11145"
"13511","13231"
"13511","12196"
"13511","13256"
"13511","13270"
"13511","11183"
"13511","12994"
"13511","12367"
"13511","12216"
"13511","11287"
"13511","13265"
"13511","13226"
"13511","12131"
"13511","12382"
"13511","12905"
"13511","13446"
"12999","12821"
"10899","10841"
"13167","13147"
"10799","10560"
"13341","11023"
"11748","10480"
"11748","11726"
"13326","12958"
"12661","11858"
"12661","12291"
"13760","12171"
"13215","13035"
"13215","13092"
"13215","13113"
"13215","13200"
"11932","11652"
"12287","11790"
"12287","12038"
"13500","12859"
"13225","11145"
"13225","12196"
"13225","12900"
"13225","13021"
"13225","11183"
"13225","12367"
"13225","12216"
"13225","11287"
"13225","12994"
"13225","12345"
"13225","12131"
"13225","12382"
"13225","12905"
"13225","13134"
"13225","13080"
"13225","13090"
"13225","13136"
"13225","13168"
"13225","13075"
"13225","13138"
"12003","11912"
"13596","12131"
"13596","13539"
"12129","11991"
"12346","12242"
"13499","12835"
"13691","13636"
"13691","13549"
"13691","12829"
"13691","13526"
"13691","12333"
"13691","12356"
"13569","12824"
"13569","12835"
"13569","12859"
"13569","13532"
"13569","13498"
"13569","13507"
"13693","11023"
"13693","13514"
"13693","13653"
"13693","13423"
"13693","13327"
"13693","13148"
"13693","13432"
"13693","13677"
"11790","11748"
"11790","10480"
"11790","11775"
"13621","13532"
"13137","12975"
"10127","9925"
"13580","13547"
"10562","10292"
"10223","10161"
"10223","10182"
"10223","10193"
"11248","11244"
"11248","11245"
"13149","13101"
"13149","13031"
"13591","13521"
"13591","13522"
"13591","13532"
"13591","13538"
"13591","13539"
"13591","13540"
"13591","13549"
"13591","13544"
"13591","13530"
"13041","13010"
"12974","11145"
"12974","12196"
"12974","12871"
"12974","12900"
"12974","12876"
"12974","11183"
"12974","12882"
"12974","12367"
"12974","12216"
"12974","11776"
"12974","11287"
"12974","12345"
"12974","12131"
"12974","12382"
"12974","12905"
"12974","12878"
"12974","12887"
"12974","12912"
"12974","12844"
"12974","12869"
"10657","9816"
"12240","12202"
"9908","9701"
"9908","9613"
"13316","11145"
"13316","13231"
"13316","12196"
"13316","13256"
"13316","13270"
"13316","11183"
"13316","12367"
"13316","12216"
"13316","11287"
"13316","13237"
"13316","13265"
"13316","12131"
"13316","12382"
"13316","12905"
"13316","13111"
"13316","13188"
"13316","13218"
"13316","12975"
"13316","13018"
"13316","13046"
"13316","13137"
"13316","13227"
"13316","13255"
"13316","13278"
"13316","13210"
"13316","13177"
"13316","13263"
"13316","13214"
"13316","13147"
"13316","13167"
"13316","13225"
"11097","10501"
"11097","10901"
"11097","10985"
"11162","10925"
"11162","11114"
"12758","12154"
"13695","13617"
"13532","13256"
"13555","13230"
"13085","12829"
"11351","11318"
"11733","10122"
"11733","10400"
"13302","13212"
"13336","13175"
"13336","13096"
"11528","11371"
"12829","12356"
"12829","12333"
"12829","10865"
"12829","10909"
"12829","11382"
"13757","13694"
"13045","12866"
"13045","12606"
"11986","11861"
"13432","13423"
"13432","12866"
"10548","10450"
"12399","11145"
"12399","11183"
"12399","11287"
"12399","12345"
"12399","11776"
"12399","12131"
"12399","12395"
"12399","12190"
"12399","12196"
"12399","12216"
"12399","12296"
"12399","12332"
"12399","12367"
"12399","12382"
"12399","12039"
"12399","12168"
"12399","12202"
"12399","12229"
"12399","12303"
"12399","12308"
"12399","12310"
"12399","12323"
"12399","12329"
"12399","12360"
"12399","12137"
"12399","12258"
"13423","13101"
"13423","13123"
"13423","13134"
"13423","13148"
"13423","13149"
"13423","13327"
"13563","12866"
"10926","10919"
"12153","11790"
"12153","12038"
"13592","13270"
"13592","13336"
"13592","13585"
"9865","9568"
"9865","9604"
"9865","9809"
"10230","9988"
"13533","13394"
"11768","11708"
"13587","13526"
"13587","12829"
"13587","13549"
"13587","13556"
"13587","13286"
"13587","13231"
"13587","12333"
"13587","12968"
"13587","13388"
"13587","13467"
"13589","13576"
"10185","10166"
"12657","11490"
"12657","12148"
"12657","12241"
"13385","11145"
"13385","13231"
"13385","12196"
"13385","13256"
"13385","13270"
"13385","11183"
"13385","12994"
"13385","12367"
"13385","12216"
"13385","11287"
"13385","13226"
"13385","13237"
"13385","13265"
"13385","12131"
"13385","12382"
"13385","12905"
"13385","13328"
"13385","13326"
"13385","13316"
"13385","13283"
"12545","12490"
"10892","10152"
"11736","11708"
"13062","13038"
"13062","13054"
"13062","11145"
"13062","12196"
"13062","12871"
"13062","12900"
"13062","12876"
"13062","11183"
"13062","12882"
"13062","12367"
"13062","12216"
"13062","11287"
"13062","12994"
"13062","12345"
"13062","12131"
"13062","12832"
"13062","12905"
"13062","12891"
"13062","12964"
"13062","12987"
"13062","13032"
"13062","12946"
"13062","12864"
"13062","12890"
"13062","12921"
"13062","12970"
"13062","13015"
"13062","12974"
"13062","12721"
"10819","10480"
"10819","10574"
"10804","9721"
"10804","10103"
"10804","10774"
"13514","13423"
"13094","12938"
"13094","12735"
"13094","12730"
"13094","12924"
"13094","12930"
"13679","13670"
"13121","13088"
"13571","12862"
"11714","11652"
"11708","11248"
"12656","12472"
"12656","10421"
"12656","11490"
"12920","12775"
"12920","12779"
"13751","13112"
"13585","11145"
"13585","11183"
"13585","11287"
"13585","11612"
"13585","12131"
"13585","12216"
"13585","12367"
"13585","12382"
"13585","12829"
"13585","12905"
"13585","12994"
"13585","13231"
"13585","13265"
"13585","13270"
"13585","13515"
"13585","13511"
"12907","12882"
"13653","13514"
"13653","12893"
"13653","13604"
"13653","13231"
"13653","13652"
"13653","13580"
"13653","12898"
"13653","13642"
"10901","10501"
"10366","10129"
"13138","11145"
"13138","12196"
"13138","12871"
"13138","12900"
"13138","12876"
"13138","13021"
"13138","11183"
"13138","12882"
"13138","12367"
"13138","12216"
"13138","11287"
"13138","12994"
"13138","12345"
"13138","12382"
"13138","12905"
"13138","12131"
"13138","13017"
"13138","13040"
"13138","13056"
"13138","13038"
"13138","13062"
"13138","13065"
"13138","13081"
"13138","13102"
"13138","13010"
"13138","13025"
"13138","13041"
"13138","13064"
"13138","13077"
"13138","13037"
"13138","13066"
"13138","13108"
"13138","13050"
"13138","12852"
"13138","12855"
"13138","12965"
"13138","12980"
"13138","13053"
"13138","13114"
"13138","12961"
"13138","13034"
"13138","13115"
"11195","11189"
"11811","11413"
"11811","11474"
"11811","11524"
"11811","11576"
"11811","11637"
"11811","11691"
"11811","11739"
"13480","12171"
"13606","12957"
"13606","13338"
"13699","13179"
"10008","9979"
"10008","9992"
"10008","10001"
"13159","12938"
"13159","13085"
"10167","9979"
"12919","12472"
"12919","10789"
"12919","10222"
"12919","10480"
"12919","10647"
"12919","11179"
"12919","11355"
"12919","11912"
"12919","12148"
"12919","12521"
"12919","12649"
"12919","12773"
"12919","11790"
"13218","13111"
"13218","13174"
"13031","12844"
"12618","12591"
"13053","12852"
"13394","13000"
"13231","13228"
"13231","12472"
"13231","12333"
"13231","12382"
"13231","13130"
"13231","12958"
"12338","12171"
"13059","12957"
"13059","12959"
"13059","12613"
"12869","11145"
"12869","12196"
"12869","11183"
"12869","12367"
"12869","12216"
"12869","11776"
"12869","11287"
"12869","12345"
"12869","12131"
"12869","12382"
"12869","12700"
"12869","12792"
"12869","12813"
"12869","12815"
"12869","12720"
"12869","12783"
"12869","12696"
"12869","12756"
"12869","12687"
"12869","12741"
"12869","12785"
"12869","12675"
"12869","12774"
"13708","11145"
"13708","11183"
"13708","11287"
"13708","11612"
"13708","12131"
"13708","12216"
"13708","12367"
"13708","12382"
"13708","12829"
"13708","12905"
"13708","12915"
"13708","12916"
"13708","12963"
"13708","12994"
"13708","13112"
"13708","13158"
"13708","13179"
"13708","13231"
"13708","13265"
"13708","13498"
"13708","13515"
"13708","13521"
"13708","13522"
"13708","13532"
"13708","13538"
"13708","13539"
"13708","13540"
"13708","13544"
"13708","13549"
"13708","13555"
"13708","13634"
"13708","13600"
"13708","13621"
"13708","13675"
"13708","13676"
"13708","13648"
"13708","13652"
"12187","11790"
"12187","12038"
"11794","10958"
"11794","11490"
"11794","10952"
"11794","11051"
"11794","11725"
"11945","11562"
"11827","11472"
"11827","11342"
"11827","11625"
"11827","11583"
"11827","11562"
"11827","11145"
"11827","11126"
"11827","11667"
"11827","11415"
"11827","11287"
"11827","11183"
"11827","11753"
"11827","11776"
"11827","11807"
"11861","11768"
"11350","9988"
"11350","10001"
"11350","10008"
"11350","10116"
"11350","10202"
"11350","10292"
"11350","10363"
"11350","10659"
"11350","10714"
"11350","10984"
"11350","11188"
"12774","11145"
"12774","12196"
"12774","11183"
"12774","12367"
"12774","12216"
"12774","11776"
"12774","11287"
"12774","12345"
"12774","12131"
"12774","12382"
"12774","12661"
"12774","12716"
"12774","12686"
"12774","12705"
"12774","12658"
"12774","12665"
"12774","12692"
"10909","10865"
"11001","10952"
"11743","11703"
"10762","10478"
"10762","10658"
"10096","9865"
"10096","9912"
"12209","11790"
"12209","12038"
"12209","12187"
"13613","13242"
"13515","13125"
"13515","13339"
"11556","10705"
"11556","11051"
"11556","11191"
"11556","11490"
"11556","10695"
"11556","10995"
"11556","11084"
"13617","12938"
"13617","13085"
"13617","13159"
"13000","12787"
"13652","11145"
"13652","11183"
"13652","11287"
"13652","11612"
"13652","12131"
"13652","12216"
"13652","12367"
"13652","12382"
"13652","12829"
"13652","12905"
"13652","12994"
"13652","13231"
"13652","13265"
"13652","13498"
"13652","13569"
"13652","13640"
"13652","13515"
"13652","13521"
"13652","13522"
"13652","13532"
"13652","13538"
"13652","13539"
"13652","13540"
"13652","13544"
"13652","13631"
"13652","13549"
"13652","13555"
"13652","13634"
"13652","13600"
"13652","13621"
"13652","13585"
"13652","13591"
"13652","13043"
"11105","9816"
"11105","10657"
"12931","12352"
"13020","12981"
"13020","12924"
"13416","12866"
"13446","11145"
"13446","13231"
"13446","12196"
"13446","13256"
"13446","13270"
"13446","11183"
"13446","12994"
"13446","12367"
"13446","12216"
"13446","11287"
"13446","13226"
"13446","13237"
"13446","13265"
"13446","12131"
"13446","12382"
"13446","12905"
"13446","13369"
"13446","13379"
"13446","13386"
"13446","13385"
"12553","9553"
"12553","9555"
"12553","9567"
"12553","9573"
"12553","9576"
"12553","9588"
"12553","9640"
"12553","9663"
"12553","9675"
"12553","9684"
"12553","9700"
"12553","9702"
"12553","9713"
"12553","9716"
"12553","9717"
"12553","9719"
"12553","9721"
"12553","9731"
"12553","9748"
"12553","9749"
"12553","9763"
"12553","9770"
"12553","9782"
"12553","9793"
"12553","9798"
"12553","9803"
"12553","9838"
"12553","9855"
"12553","9874"
"12553","9878"
"12553","9880"
"12553","9891"
"12553","9899"
"12553","9900"
"12553","9910"
"12553","9918"
"12553","9922"
"12553","9923"
"12553","9929"
"12553","9936"
"12553","9940"
"12553","9942"
"12553","9947"
"12553","9948"
"12553","9949"
"12553","9965"
"12553","9971"
"12553","9988"
"12553","9991"
"12553","9992"
"12553","9996"
"12553","10001"
"12553","10008"
"12553","10010"
"12553","10015"
"12553","10029"
"12553","10032"
"12553","10037"
"12553","10038"
"12553","10045"
"12553","10048"
"12553","10050"
"12553","10051"
"12553","10054"
"12553","10056"
"12553","10067"
"12553","10071"
"12553","10078"
"12553","10080"
"12553","10103"
"12553","10105"
"12553","10106"
"12553","10109"
"12553","10112"
"12553","10114"
"12553","10116"
"12553","10117"
"12553","10120"
"12553","10125"
"12553","10130"
"12553","10138"
"12553","10139"
"12553","10140"
"12553","10142"
"12553","10147"
"12553","10150"
"12553","10157"
"12553","10165"
"12553","10167"
"12553","10202"
"12553","10203"
"12553","10230"
"12553","10232"
"12553","10258"
"12553","10283"
"12553","10285"
"12553","10286"
"12553","10292"
"12553","10300"
"12553","10303"
"12553","10306"
"12553","10314"
"12553","10319"
"12553","10323"
"12553","10328"
"12553","10344"
"12553","10363"
"12553","10366"
"12553","10368"
"12553","10371"
"12553","10372"
"12553","10376"
"12553","10406"
"12553","10415"
"12553","10417"
"12553","10420"
"12553","10449"
"12553","10458"
"12553","10469"
"12553","10504"
"12553","10505"
"12553","10509"
"12553","10511"
"12553","10542"
"12553","10543"
"12553","10562"
"12553","10570"
"12553","10576"
"12553","10578"
"12553","10587"
"12553","10593"
"12553","10594"
"12553","10601"
"12553","10615"
"12553","10622"
"12553","10630"
"12553","10635"
"12553","10643"
"12553","10644"
"12553","10650"
"12553","10657"
"12553","10659"
"12553","10689"
"12553","10691"
"12553","10693"
"12553","10696"
"12553","10709"
"12553","10710"
"12553","10714"
"12553","10723"
"12553","10734"
"12553","10735"
"12553","10738"
"12553","10749"
"12553","10750"
"12553","10757"
"12553","10760"
"12553","10770"
"12553","10774"
"12553","10809"
"12553","10811"
"12553","10837"
"12553","10842"
"12553","10843"
"12553","10848"
"12553","10862"
"12553","10868"
"12553","10872"
"12553","10874"
"12553","10875"
"12553","10877"
"12553","10878"
"12553","10888"
"12553","10904"
"12553","10906"
"12553","10919"
"12553","10923"
"12553","10926"
"12553","10933"
"12553","10944"
"12553","10949"
"12553","10951"
"12553","10953"
"12553","10954"
"12553","10962"
"12553","10963"
"12553","10965"
"12553","10969"
"12553","10971"
"12553","10975"
"12553","10976"
"12553","10984"
"12553","11006"
"12553","11008"
"12553","11011"
"12553","11013"
"12553","11015"
"12553","11025"
"12553","11026"
"12553","11027"
"12553","11029"
"12553","11033"
"12553","11040"
"12553","11042"
"12553","11043"
"12553","11049"
"12553","11050"
"12553","11054"
"12553","11078"
"12553","11086"
"12553","11098"
"12553","11101"
"12553","11102"
"12553","11105"
"12553","11108"
"12553","11115"
"12553","11116"
"12553","11119"
"12553","11121"
"12553","11127"
"12553","11131"
"12553","11135"
"12553","11138"
"12553","11147"
"12553","11168"
"12553","11169"
"12553","11170"
"12553","11171"
"12553","11180"
"12553","11181"
"12553","11188"
"12553","11196"
"12553","11206"
"12553","11213"
"12553","11237"
"12553","11241"
"12553","11243"
"12553","11252"
"12553","11255"
"12553","11266"
"12553","11276"
"12553","11284"
"12553","11286"
"12553","11291"
"12553","11303"
"12553","11307"
"12553","11308"
"12553","11314"
"12553","11320"
"12553","11321"
"12553","11324"
"12553","11325"
"12553","11327"
"12553","11329"
"12553","11343"
"12553","11344"
"12553","11350"
"12553","11356"
"12553","11360"
"12553","11386"
"12553","11387"
"12553","11391"
"12553","11422"
"12553","11431"
"12553","11433"
"12553","11434"
"12553","11436"
"12553","11442"
"12553","11443"
"12553","11444"
"12553","11445"
"12553","11449"
"12553","11452"
"12553","11486"
"12553","11493"
"12553","11497"
"12553","11527"
"12553","11537"
"12553","11543"
"12553","11553"
"12553","11555"
"12553","11558"
"12553","11559"
"12553","11563"
"12553","11569"
"12553","11574"
"12553","11585"
"12553","11586"
"12553","11606"
"12553","11621"
"12553","11622"
"12553","11650"
"12553","11663"
"12553","11664"
"12553","11679"
"12553","11694"
"12553","11706"
"12553","11745"
"12553","11761"
"12553","11771"
"12553","11783"
"12553","11787"
"12553","11788"
"12553","11797"
"12553","11805"
"12553","11834"
"12553","11836"
"12553","11852"
"12553","11867"
"12553","11871"
"12553","11876"
"12553","11896"
"12553","11969"
"12553","12009"
"12553","12040"
"12553","12097"
"12553","12129"
"12553","12140"
"12553","12150"
"12553","12153"
"12553","12162"
"12553","12184"
"12553","12186"
"12553","12187"
"12553","12189"
"12553","12193"
"12553","12209"
"12553","12212"
"12553","12227"
"12553","12244"
"12553","12254"
"12553","12256"
"12553","12257"
"12553","12263"
"12553","12269"
"12553","12270"
"12553","12297"
"12553","12299"
"12553","12327"
"12553","12351"
"12553","12357"
"12553","12358"
"12553","12370"
"12553","12373"
"12553","12376"
"12553","12384"
"12553","12385"
"12553","12386"
"12553","12390"
"12553","12392"
"12553","12393"
"12553","12397"
"12553","12398"
"12553","12402"
"12553","12405"
"12553","12408"
"12553","12409"
"12553","12414"
"12553","12415"
"12553","12427"
"12553","12429"
"12553","12434"
"12553","12440"
"12553","12442"
"12553","12447"
"12553","12449"
"12553","12455"
"12553","12457"
"12553","12463"
"12553","12476"
"12553","12480"
"12553","12481"
"12553","12482"
"12553","12486"
"12553","12491"
"12553","12492"
"12553","12495"
"11514","11472"
"12751","12722"
"13016","12580"
"13603","11858"
"13603","12919"
"13603","12656"
"13603","12472"
"11921","11490"
"11921","11725"
"11921","10995"
"11921","11556"
"11921","11522"
"11921","11746"
"12938","12851"
"12938","12924"
"12938","12735"
"12938","12730"
"12938","12930"
"10997","10952"
"12420","11157"
"13741","13467"
"13741","10450"
"13741","12968"
"13741","12171"
"13547","13366"
"10439","10163"
"12860","11858"
"12345","10830"
"12345","11562"
"13127","13073"
"10735","10001"
"10735","10167"
"10735","10292"
"10735","10420"
"10735","10505"
"10735","10659"
"10735","10714"
"11813","11202"
"13647","13592"
"13647","13175"
"12856","11050"
"12103","12062"
"12140","11790"
"12140","12038"
"11490","11051"
"11490","10952"
"11490","10958"
"11490","11387"
"11490","10705"
"11490","10995"
"11490","10312"
"11490","10346"
"11490","10997"
"11490","10998"
"11490","10999"
"11490","11000"
"11490","11001"
"11490","11002"
"11490","11003"
"11490","11004"
"11490","11005"
"11490","11087"
"11490","11088"
"11490","11089"
"11490","11090"
"11490","11091"
"11490","11092"
"11490","11093"
"11490","11094"
"11490","11095"
"11490","11310"
"12766","11760"
"12766","11269"
"13026","12924"
"13026","12981"
"13026","13020"
"13026","12714"
"12790","12754"
"13096","13084"
"13579","13563"
"13579","12866"
"10816","10501"
"10816","10290"
"13722","13466"
"13677","13514"
"13677","13653"
"9863","9698"
"9863","9751"
"9863","9823"
"12375","11912"
"13242","11880"
"13242","12998"
"13242","12608"
"12489","12190"
"12489","11145"
"12489","12196"
"12489","11183"
"12489","12367"
"12489","12216"
"12489","11776"
"12489","11287"
"12489","12345"
"12489","12296"
"12489","12131"
"12489","12395"
"11892","11746"
"11892","11647"
"11892","11731"
"11831","11768"
"13461","13250"
"13373","11926"
"13373","13286"
"13373","12793"
"10001","9988"
"13554","13175"
"10979","10717"
"13604","13580"
"13604","13563"
"13604","13175"
"11026","11025"
"12379","12071"
"12379","12042"
"12379","12085"
"12379","12132"
"12379","12095"
"12379","12159"
"12379","12182"
"12379","12207"
"12379","12262"
"12379","12275"
"12379","11829"
"12379","11022"
"12379","12192"
"12379","12075"
"12379","11782"
"12379","12089"
"12379","11330"
"12379","11256"
"12379","11654"
"12379","12083"
"12379","12285"
"12379","12202"
"12379","12194"
"10015","10010"
"10489","10480"
"12735","12730"
"11360","9979"
"11360","9988"
"11360","10008"
"11360","10001"
"11360","10202"
"11360","10292"
"11360","10363"
"11360","10366"
"11360","10469"
"11360","10562"
"11360","10659"
"11360","10714"
"11360","10735"
"11360","10809"
"11360","10984"
"11360","11098"
"11360","11188"
"11360","11241"
"11360","11266"
"11360","11350"
"12142","11222"
"13748","13560"
"13748","13602"
"12534","12190"
"12534","11145"
"12534","12196"
"12534","11183"
"12534","12367"
"12534","12216"
"12534","11776"
"12534","11287"
"12534","12345"
"12534","12296"
"12534","12382"
"12534","12131"
"12534","12502"
"12534","12369"
"12534","12395"
"12534","12433"
"12534","12335"
"12534","12332"
"12534","12412"
"12534","12426"
"12534","12499"
"12534","12428"
"12534","12400"
"12534","12439"
"12534","12421"
"12534","12401"
"12534","12468"
"12534","12399"
"12534","12489"
"13564","13501"
"11877","11861"
"11877","11864"
"10984","9988"
"10984","10001"
"10984","10008"
"10984","10116"
"10984","10202"
"10984","10292"
"10984","10328"
"10984","10363"
"10984","10562"
"10984","10594"
"10984","10650"
"10984","10659"
"10984","10714"
"10984","10735"
"10984","10809"
"12889","12662"
"13754","13689"
"11562","11398"
"11562","10830"
"11562","11492"
"13366","13340"
"10898","10858"
"12046","11556"
"12046","11191"
"12046","10705"
"12046","11051"
"12046","11490"
"12046","11725"
"13442","13286"
"13442","13362"
"13753","13286"
"13753","13442"
"12816","12479"
"10669","10495"
"11761","11185"
"11761","11260"
"11761","11661"
"11256","10472"
"11256","10937"
"13069","12865"
"9890","9741"
"10820","10495"
"10820","10669"
"11409","11248"
"12610","12190"
"12610","11145"
"12610","12196"
"12610","11183"
"12610","12216"
"12610","11776"
"12610","11287"
"12610","12345"
"12610","12296"
"12610","12131"
"12610","12382"
"12610","12490"
"12610","12427"
"12610","12526"
"12610","12511"
"12610","12503"
"12610","12529"
"12610","12435"
"12610","12575"
"12610","12546"
"12610","12534"
"12608","10880"
"12608","11377"
"12608","11911"
"12608","12034"
"12608","12295"
"12608","12426"
"12608","10903"
"12608","11044"
"12608","9830"
"12608","11012"
"12608","11047"
"12608","10582"
"12608","11030"
"12608","11060"
"12608","10624"
"12608","11034"
"12608","11140"
"12608","11480"
"12608","9979"
"12608","10289"
"12608","10530"
"12608","10608"
"12608","10575"
"12608","10840"
"12608","10841"
"12608","11023"
"12608","12048"
"12608","11077"
"12608","11079"
"12608","11609"
"12608","12049"
"12608","11623"
"12608","12086"
"12608","11157"
"12608","11687"
"12608","12138"
"12608","11776"
"12608","12146"
"12608","11490"
"12608","11800"
"12608","12154"
"12608","11583"
"12608","11899"
"12608","12196"
"12608","12208"
"12608","11390"
"12608","11440"
"12608","11467"
"12608","11561"
"12608","11580"
"12608","11644"
"12608","11747"
"12608","11755"
"12608","11758"
"12608","11845"
"12608","11880"
"12608","11990"
"12608","12101"
"12608","12163"
"12608","12322"
"12608","12328"
"9751","9698"
"13117","12981"
"13517","13183"
"13517","13494"
"12692","12190"
"12692","11145"
"12692","12196"
"12692","11183"
"12692","12367"
"12692","12216"
"12692","11776"
"12692","11287"
"12692","12345"
"12692","12131"
"12692","12382"
"12692","12462"
"12692","12533"
"12692","12592"
"12692","12668"
"12692","12607"
"12692","12296"
"12692","12309"
"12692","12528"
"12692","12604"
"12692","12601"
"12692","12603"
"12692","12610"
"11948","11126"
"11948","11145"
"11948","11183"
"11948","11287"
"11948","11342"
"11948","11415"
"11948","11472"
"11948","11562"
"11948","11583"
"11948","11625"
"11948","11753"
"11948","11776"
"11948","11807"
"11948","11868"
"11948","11667"
"11948","11809"
"11948","11860"
"11948","11827"
"11652","10501"
"11652","10964"
"11652","10865"
"11652","10816"
"11652","10901"
"11652","10985"
"11652","11097"
"11652","11382"
"9830","9538"
"9830","9579"
"9830","9598"
"9830","9619"
"9830","9644"
"9830","9653"
"9830","9668"
"9830","9688"
"9830","9691"
"9830","9733"
"13172","13078"
"12898","11001"
"12898","11050"
"12898","12856"
"12898","12250"
"12898","12875"
"10633","10218"
"11000","10952"
"12265","12160"
"13716","13574"
"13716","13590"
"13716","13622"
"13716","13645"
"13716","13628"
"13716","12957"
"13048","12479"
"13048","12816"
"13048","12552"
"13048","12637"
"11424","11157"
"10400","10122"
"10400","9703"
"12205","12170"
"12514","10820"
"10964","10501"
"10964","10290"
"11472","11278"
"11472","11359"
"11472","11402"
"12590","12368"
"13112","11987"
"13013","10163"
"13013","12301"
"13013","12302"
"13013","12304"
"13013","12406"
"12787","12514"
"12675","12660"
"13717","12699"
"13717","12941"
"11374","10946"
"11905","11652"
"11905","11460"
"12110","11145"
"12110","11183"
"12110","11287"
"12110","11562"
"12110","11753"
"12110","11776"
"12110","11807"
"12110","11970"
"12110","11992"
"12110","12059"
"12110","12063"
"12110","12064"
"12110","12084"
"12110","11482"
"12110","11849"
"12110","11534"
"12110","11971"
"12110","11973"
"12110","11998"
"12110","11984"
"10420","10363"
"10420","9988"
"10420","10001"
"10420","10008"
"10420","10167"
"10420","10202"
"10420","10258"
"10420","10292"
"10420","10328"
"10292","9979"
"10292","9988"
"10292","9992"
"10292","10001"
"10292","10008"
"10292","10116"
"10292","10167"
"10292","10202"
"10292","10230"
"10292","10232"
"9701","9613"
"11029","11025"
"13022","11048"
"13022","12996"
"13022","11593"
"10505","10292"
"10505","10420"
"10827","10560"
"10827","10477"
"10827","10685"
"13128","12938"
"13128","13094"
"11415","10166"
"11415","10185"
"11348","10800"
"11004","10952"
"13430","12473"
"13178","13089"
"13178","13158"
"12995","12873"
"10775","10633"
"12088","11752"
"12472","12382"
"12472","12148"
"12472","12046"
"12472","12333"
"10958","10952"
"10958","10530"
"10958","10773"
"10958","10902"
"12258","11145"
"12258","11183"
"12258","11287"
"12258","11562"
"12258","11776"
"12258","11970"
"12258","11992"
"12258","12050"
"12258","12059"
"12258","12064"
"12258","12084"
"12258","12131"
"12258","12137"
"12258","12190"
"12258","12196"
"12258","12216"
"12258","12022"
"12258","12054"
"12258","12061"
"12258","12063"
"12258","12078"
"12258","12093"
"12258","12103"
"12258","12130"
"12258","12157"
"12258","12195"
"12258","12110"
"11253","11157"
"12217","12088"
"12736","12698"
"12681","12171"
"13721","13584"
"12755","12002"
"12755","11533"
"11003","10952"
"10285","10155"
"13675","12870"
"9655","9575"
"12220","10900"
"12220","10560"
"12220","10685"
"12220","10708"
"12220","10746"
"12220","10799"
"12220","10827"
"12220","10884"
"12220","10893"
"11091","11000"
"13244","11487"
"12163","11269"
"12163","10973"
"12163","11579"
"12163","10893"
"12163","11846"
"12163","12065"
"12163","11958"
"12163","10900"
"12163","11223"
"10565","10214"
"12364","12008"
"13618","12333"
"13618","13526"
"13618","12472"
"13618","12382"
"10763","10422"
"10763","10459"
"10995","10705"
"10995","10695"
"10995","10460"
"11398","10830"
"11398","11074"
"12189","12153"
"12189","12186"
"12189","11790"
"12189","12038"
"11093","10705"
"11093","10995"
"11093","11051"
"11093","10952"
"13616","13604"
"12868","12730"
"12868","12735"
"12930","12868"
"13258","12866"
"12251","12246"
"11094","10952"
"10732","10250"
"12065","11652"
"12065","11714"
"12065","11862"
"13241","11957"
"13590","12957"
"12010","11941"
"10501","10290"
"11752","11507"
"13628","12957"
"13628","12959"
"13628","13059"
"13628","13599"
"13628","13622"
"13284","13234"
"13284","13231"
"13284","13228"
"13284","13224"
"13284","13151"
"13284","13122"
"13284","13048"
"13284","12992"
"13284","12881"
"13284","12859"
"13284","12590"
"13284","12260"
"13284","11958"
"13284","11423"
"13284","10865"
"13284","13011"
"13284","12333"
"13284","12968"
"13284","12829"
"13284","12958"
"10999","10952"
"12781","9561"
"12781","11339"
"11005","10952"
"10523","10358"
"13333","13257"
"13337","11423"
"13337","13212"
"13337","10485"
"13337","10530"
"13359","13173"
"12779","12775"
"10363","9979"
"10363","9988"
"10363","10008"
"10363","10202"
"10363","10292"
"13662","13660"
"13662","13661"
"11977","11269"
"12663","12622"
"12873","12780"
"13243","11274"
"11120","10152"
"11120","10168"
"11120","10204"
"13470","12333"
"13470","13355"
"13470","13462"
"13470","12036"
"13470","13354"
"13470","12958"
"13714","13583"
"12149","11647"
"10574","10480"
"13549","13526"
"13549","12968"
"13549","13467"
"13549","12829"
"13549","12333"
"13764","13488"
"13764","13467"
"13764","13526"
"13764","13549"
"13764","11331"
"13764","12968"
"13764","13381"
"13764","10450"
"13764","10577"
"13764","12333"
"13764","12829"
"13764","10865"
"12959","12957"
"12959","12613"
"12622","12578"
"13101","12843"
"13101","13031"
"13101","12845"
"13101","12856"
"13101","12902"
"13101","12969"
"13101","12873"
"13484","13241"
"13228","12958"
"13228","12656"
"11941","11883"
"13626","13554"
"13626","12777"
"13318","12364"
"10998","10952"
"11883","11811"
"11883","11812"
"13272","12866"
"13556","13526"
"13170","11625"
"12165","12087"
"12387","12330"
"13371","13285"
"13659","13610"
"13283","12333"
"12087","12010"
"13450","9703"
"12330","12248"
"12330","12249"
"13685","13660"
"13685","13661"
"13685","13662"
"13703","13649"
"13703","12963"
"12917","12775"
"12917","12779"
"12917","12853"
"13357","12543"
"13357","12544"
"13357","12801"
"13357","12538"
"12456","9894"
"12456","12387"
"12356","12065"
"13690","11988"
"9809","9762"
"9809","9568"
"9809","9604"
"9809","9791"
"9809","9608"
"12496","12456"
"10122","9703"
"12578","12496"
"13313","12938"
"13313","12543"
"13313","13219"
"13313","13159"
"13313","13047"
"13313","12947"
"13313","12170"
"13313","12957"
"13313","12978"
"13313","13224"
"13313","13194"
"13313","13067"
"13313","12722"
"13313","13303"
"13313","13288"
"13313","13222"
"12333","12036"
"10900","10893"
"10900","10477"
"10900","10560"
"10900","10685"
"10900","10708"
"10900","10746"
"10900","10799"
"10900","10827"
"10900","10884"
"12248","12165"
"12248","12200"
"9993","9655"
"9993","9897"
"9993","9955"
"13614","13261"
"13614","13344"
"13619","13047"
"13619","13448"
"13619","13310"
"13619","13464"
"13381","12958"
"13381","10865"
"13381","12333"
"13381","12968"
"13381","12829"
"13381","12171"
"13737","13614"
"13403","11030"
"13403","13279"
"13403","13339"
"13403","13381"
"13403","13389"
"13403","13011"
"13526","12333"
"13526","12958"
"13526","13292"
"12148","11589"
"12148","12107"
"12148","10242"
"12148","10296"
"12148","10494"
"12148","10529"
"12148","10601"
"12148","10634"
"12148","10900"
"12148","10952"
"12148","11051"
"12148","11415"
"12148","11795"
"12148","11725"
"12148","11749"
"12148","10421"
"12148","10480"
"12148","10582"
"12148","10789"
"12148","11179"
"12148","11912"
"12148","11988"
"12148","12046"
"12148","12065"
"12148","12075"
"12148","12083"
"12148","11331"
"12148","11345"
"12148","11371"
"12148","11578"
"12148","11658"
"12148","11659"
"12148","11490"
"12724","12722"
"12958","12356"
"13328","12958"
"10108","9844"
"12036","11905"
"12036","11985"
"12036","11994"
"12698","11002"
"12698","12663"
"12725","12722"
"12725","12723"
"12336","12258"
"12336","12135"
"12336","12050"
"13286","13276"
"13286","13274"
"13286","13271"
"13286","13260"
"13286","13257"
"13286","13254"
"13286","13231"
"13286","13130"
"13286","13228"
"13286","13223"
"13286","13212"
"13286","13165"
"13286","13154"
"13286","13133"
"13286","13120"
"13286","13112"
"13286","13100"
"13286","13076"
"13286","13011"
"13286","12989"
"13286","12985"
"13286","12982"
"13286","12978"
"13286","12977"
"13286","12919"
"13286","12906"
"13286","12870"
"13286","12835"
"13286","12830"
"13286","12824"
"13286","12807"
"13286","12793"
"13286","12789"
"13286","12788"
"13286","12777"
"13286","12743"
"13286","12742"
"13286","12733"
"13286","12728"
"13286","12727"
"13286","12699"
"13286","12657"
"13286","12656"
"13286","12580"
"13286","12555"
"13286","12501"
"13286","12472"
"13286","12382"
"13286","12341"
"13286","12208"
"13286","12188"
"13286","12160"
"13286","12148"
"13286","12146"
"13286","12002"
"13286","11965"
"13286","11926"
"13286","11858"
"13286","11800"
"13286","11645"
"13286","11623"
"13286","11448"
"13286","11446"
"13286","11438"
"13286","11366"
"13286","11239"
"13286","12234"
"13286","11231"
"13286","11190"
"13286","11139"
"13286","11079"
"13286","11046"
"13286","11016"
"13286","10977"
"13286","10789"
"13286","10694"
"13286","10637"
"13286","10631"
"13286","10554"
"13286","10499"
"13286","10448"
"13286","10271"
"13286","10179"
"13286","10163"
"13286","10113"
"13286","12333"
"13286","13284"
"11717","11541"
"13656","12163"
"12573","11157"
"11527","10001"
"11527","10202"
"11527","10292"
"11527","10659"
"11527","10735"
"11527","10984"
"11527","11098"
"11527","11119"
"11527","11241"
"11527","11360"
"11527","11497"
"11654","10257"
"11654","11612"
"11423","10485"
"11423","10530"
"11419","11322"
"10281","10161"
"10281","10210"
"10281","10223"
"10281","10200"
"13311","12958"
"13311","12968"
"13467","12958"
"13467","10450"
"13467","12968"
"13467","13381"
"13467","10577"
"13467","12333"
"13467","12829"
"13467","10865"
"13467","12171"
"12076","11861"
"10789","10210"
"13479","13419"
"12018","11476"
"12018","11835"
"13406","12630"
"13542","13241"
"13632","13175"
"13612","13542"
"13687","13466"
"13687","13551"
"13687","13570"
"11721","11073"
"11721","11173"
"10714","9988"
"10714","10001"
"10714","10116"
"10714","10167"
"10714","10292"
"10714","10363"
"10714","10594"
"10714","10650"
"10714","10659"
"12550","12473"
"12550","12484"
"13645","12957"
"13645","13599"
"13645","13622"
"12730","12002"
"12730","12214"
"12730","12131"
"12730","12551"
"13548","13163"
"10480","10224"
"10480","10281"
"10480","10161"
"10480","10169"
"10480","10193"
"10480","10200"
"10480","10223"
"10480","10324"
"10480","10359"
"10480","10373"
"10480","10377"
"10480","10390"
"10480","10433"
"10480","10467"
"10480","10461"
"10480","10182"
"10480","10206"
"10480","10219"
"12580","12088"
"12580","12316"
"11200","11017"
"10506","9993"
"12404","12353"
"12444","12002"
"12444","12214"
"13356","12958"
"13356","13311"
"13356","12333"
"12470","12002"
"12470","12214"
"13570","13466"
"13570","13551"
"12981","12924"
"12981","11533"
"12981","12002"
"13388","12958"
"13388","13311"
"13388","13356"
"11092","10952"
"11092","10705"
"11092","10995"
"11092","11051"
"13230","12900"
"10648","10268"
"10648","10453"
"10648","10496"
"13622","12957"
"11282","10779"
"13465","12989"
"13609","13563"
"13609","12866"
"9897","9655"
"12923","12002"
"12923","12755"
"12923","12214"
"12923","12735"
"12923","12851"
"10232","9979"
"10232","9988"
"10232","9992"
"10232","10008"
"13372","12947"
"13372","13099"
"13372","13224"
"13372","13268"
"13372","13284"
"12314","12149"
"13292","12958"
"13222","12002"
"13222","12755"
"13222","13026"
"13222","12214"
"13222","12735"
"13222","12851"
"13551","13466"
"11140","10506"
"11140","9993"
"11140","10031"
"11140","10280"
"11140","10354"
"11140","10497"
"12924","12002"
"12924","12755"
"12924","12214"
"12924","12735"
"12924","12851"
"12924","12923"
"11016","10409"
"13257","13228"
"13608","12957"
"13608","13338"
"13608","12938"
"13608","13224"
"13608","13382"
"11307","11122"
"12564","12333"
"12564","10450"
"12564","12356"
"12777","12580"
"12777","11735"
"12777","12123"
"12777","12418"
"11788","11781"
"11788","11615"
"11788","11627"
"11788","11640"
"11788","11695"
"11788","11730"
"11788","11588"
"11788","11748"
"11788","11723"
"12810","12808"
"13638","12777"
"11610","10789"
"11610","11051"
"11610","11382"
"11051","10421"
"11051","10952"
"11051","10958"
"11051","10660"
"11051","10705"
"11051","10480"
"11051","10900"
"11051","10582"
"11051","10427"
"11051","10737"
"11051","10995"
"11051","11030"
"11051","10296"
"11051","10312"
"11051","10346"
"11051","10494"
"11051","10601"
"11051","10634"
"11051","10242"
"11051","10260"
"11051","10529"
"11051","10789"
"11051","9981"
"11051","10219"
"11051","10269"
"11051","10438"
"11051","10461"
"11051","10524"
"11051","10539"
"11051","10638"
"11051","10773"
"11051","10782"
"11051","10902"
"12748","11721"
"12748","10982"
"12748","11315"
"10929","10891"
"11776","11280"
"11073","11056"
"11073","10072"
"13061","12630"
"11126","10980"
"10479","10308"
"11458","11007"
"13261","13241"
"13261","13242"
"13261","13243"
"13261","13244"
"13261","13245"
"13261","13246"
"13261","13247"
"13261","13250"
"13261","13251"
"13187","13078"
"13187","12640"
"12968","12958"
"12968","12951"
"12968","10450"
"12968","10865"
"13610","13563"
"13610","12866"
"13545","13265"
"13545","10830"
"12316","12291"
"12316","12286"
"11838","11491"
"11838","11616"
"11838","11636"
"10186","9784"
"11723","11695"
"11136","11007"
"13630","13534"
"13338","13224"
"13706","13658"
"13098","12865"
"11258","10014"
"11288","11258"
"13488","10450"
"13488","13467"
"12188","11264"
"12188","11269"
"12188","11539"
"12188","11651"
"12188","11703"
"12188","11846"
"12188","11858"
"12188","12096"
"11566","11136"
"13350","12722"
"13350","13290"
"13350","13303"
"13350","13315"
"13350","12724"
"13350","12734"
"13350","12743"
"13350","12751"
"13350","12817"
"11990","11514"
"10306","10155"
"12013","11541"
"12013","10253"
"12013","10033"
"12013","11961"
"13562","12015"
"13562","13318"
"13562","13162"
"12866","12291"
"12866","12498"
"13573","13338"
"13573","13399"
"13573","13460"
"13573","13572"
"13391","13288"
"13407","12472"
"13572","13338"
"13572","13399"
"13572","13460"
"12788","12049"
"13671","13413"
"12215","11609"
"12215","11713"
"13399","13338"
"12198","11476"
"12198","11835"
"12198","12018"
"13582","13338"
"13582","13399"
"13582","13460"
"13582","13572"
"13582","13573"
"9992","9979"
"9992","9988"
"13196","13178"
"11749","11526"
"11749","11575"
"11749","11662"
"11749","11678"
"11749","11725"
"11157","10119"
"11157","10152"
"11157","10168"
"11157","10204"
"11157","10605"
"11157","10618"
"11157","10681"
"11157","10739"
"11157","10821"
"11157","10892"
"11157","10989"
"11157","11120"
"11157","11146"
"13498","13199"
"13574","12957"
"13661","13660"
"10952","10773"
"11497","10001"
"11497","10202"
"11497","10292"
"11497","10659"
"11497","10735"
"11497","10984"
"11497","11098"
"11497","11119"
"11497","11241"
"11497","11360"
"10459","10422"
"10459","9835"
"10459","10450"
"12340","11476"
"12340","11835"
"12340","12018"
"12340","12198"
"12340","12233"
"12340","12306"
"12340","12315"
"13382","12938"
"13382","13094"
"13382","12735"
"13304","13219"
"13304","12808"
"13304","13088"
"13304","12810"
"13304","12831"
"13304","12846"
"13304","12934"
"13304","13121"
"13304","13192"
"10116","9988"
"10116","9979"
"10116","10001"
"10116","10008"
"11010","10713"
"13140","12473"
"13140","12484"
"13140","12550"
"13140","12586"
"13140","12708"
"13140","12767"
"13140","12888"
"13140","12936"
"13140","12960"
"13140","13086"
"12160","12044"
"13400","13067"
"13726","13566"
"12569","11021"
"10659","9979"
"10659","9988"
"10659","10001"
"10659","10008"
"10659","10116"
"10659","10202"
"10659","10258"
"10659","10292"
"10659","10344"
"10659","10363"
"10659","10420"
"10659","10505"
"11625","11458"
"11625","11007"
"11563","10001"
"11563","10202"
"11563","10292"
"11563","10659"
"11563","10735"
"11563","10984"
"11563","11098"
"11563","11119"
"11563","11241"
"11563","11360"
"11563","11497"
"11563","11537"
"13599","12957"
"13599","12170"
"13599","12281"
"11583","11566"
"11583","11136"
"11583","11349"
"13365","12473"
"10422","9835"
"10000","9962"
"10340","10233"
"10594","9979"
"10594","9988"
"10594","10001"
"10594","10292"
"10594","10344"
"13553","12957"
"12044","11821"
"12044","11949"
"13354","12958"
"13354","12333"
"12383","11476"
"12383","11835"
"12383","12018"
"12383","12198"
"12383","12233"
"12383","12306"
"12383","12315"
"12383","12340"
"10925","10590"
"10925","10722"
"10925","10479"
"10925","10482"
"10925","10733"
"10925","10557"
"13456","11858"
"13456","12919"
"12086","11246"
"10809","9988"
"10809","10001"
"10809","10202"
"10809","10292"
"10809","10594"
"10809","10659"
"10809","10714"
"13327","12512"
"13327","13287"
"13327","13148"
"11636","11491"
"11636","11264"
"11507","11282"
"11507","11288"
"10202","9979"
"10202","9988"
"10202","9992"
"10202","10001"
"10202","10116"
"10913","10584"
"11781","11615"
"11781","11695"
"11781","11730"
"11781","11588"
"11781","11627"
"11781","11748"
"11781","11723"
"12137","10924"
"12137","11041"
"12137","11603"
"12137","11223"
"12137","11470"
"12137","11250"
"11603","10924"
"11603","11041"
"11603","11223"
"11603","10450"
"11603","11470"
"11603","11250"
"13148","11050"
"13148","13109"
"13148","13101"
"13148","12856"
"13148","12088"
"13148","12843"
"13148","12969"
"13148","13123"
"13148","13134"
"11835","11476"
"13355","12333"
"9805","9743"
"11222","10939"
"11222","11125"
"11222","10530"
"11627","11615"
"11627","11588"
"11627","11617"
"12988","12866"
"12988","12778"
"11609","11302"
"11609","11429"
"11609","10604"
"11609","11230"
"11609","11275"
"11609","11290"
"11609","11294"
"11609","11541"
"12443","12326"
"12315","11476"
"12315","11835"
"12315","12018"
"12315","12198"
"12315","12233"
"12315","12306"
"11491","10988"
"12291","12044"
"12291","12174"
"10684","10530"
"12778","12291"
"13673","11246"
"13673","13658"
"13387","12473"
"13387","12958"
"12767","12473"
"12767","12484"
"12767","12550"
"12767","12586"
"12767","12708"
"11640","11615"
"11640","11627"
"11640","11639"
"11640","11588"
"11640","11630"
"11640","11632"
"13262","12473"
"11081","10214"
"10004","9647"
"10004","9832"
"10011","9870"
"10011","9982"
"10017","9769"
"10023","9984"
"10025","9698"
"10025","9751"
"10025","9823"
"10025","9863"
"10025","9887"
"10025","9911"
"10025","9972"
"10026","10020"
"10031","9993"
"10031","9835"
"10040","9999"
"10043","10013"
"10054","9721"
"10061","9871"
"10061","9976"
"10064","9898"
"10064","9926"
"10064","9974"
"10065","9554"
"10065","9693"
"10069","9805"
"10070","9975"
"10082","10004"
"10083","9698"
"10083","9751"
"10083","9823"
"10085","10011"
"10087","10057"
"10098","10084"
"10100","10011"
"10101","9746"
"10103","9721"
"10103","10080"
"10104","10092"
"10113","10049"
"10118","10084"
"10118","10098"
"10123","9635"
"10123","9904"
"10131","10003"
"10134","9741"
"10135","9898"
"10135","9926"
"10135","9974"
"10135","10064"
"10136","10084"
"10136","10098"
"10136","10118"
"10137","10077"
"10144","10062"
"10148","9885"
"10149","10020"
"10149","10026"
"10156","9866"
"10158","10084"
"10158","10098"
"10158","10118"
"10158","10136"
"10170","10082"
"10174","10084"
"10174","10098"
"10174","10118"
"10174","10136"
"10174","10158"
"10175","10046"
"10177","9778"
"10182","10161"
"10187","10011"
"10187","10085"
"10189","9615"
"10192","10129"
"10193","10161"
"10193","10172"
"10196","9805"
"10196","9933"
"10196","9997"
"10196","10069"
"10200","10161"
"10200","10172"
"10200","10193"
"10205","10182"
"10217","10157"
"10219","10193"
"10219","10200"
"10219","10161"
"10227","10210"
"10231","10210"
"10233","10161"
"10233","10193"
"10234","10175"
"10236","10129"
"10236","10192"
"10237","9746"
"10237","10101"
"10241","9835"
"10243","10210"
"10247","10214"
"10251","9898"
"10251","9926"
"10251","9974"
"10251","10064"
"10251","10135"
"10254","9818"
"10256","10214"
"10258","9988"
"10258","10001"
"10258","10116"
"10261","10000"
"10265","9875"
"10270","10145"
"10270","10164"
"10274","9805"
"10274","9997"
"10274","10196"
"10276","10161"
"10277","10173"
"10279","10132"
"10280","9993"
"10280","10031"
"10280","9835"
"10280","10241"
"10288","10157"
"10288","10217"
"10293","10276"
"10298","10210"
"10300","10159"
"10300","10099"
"10301","10161"
"10301","10233"
"10303","10155"
"10305","10207"
"10313","10011"
"10313","10085"
"10313","10187"
"10322","10046"
"10322","10175"
"10323","10161"
"10324","10161"
"10329","10318"
"10333","10225"
"10336","9586"
"10337","10017"
"10338","10062"
"10338","10063"
"10338","10144"
"10338","9857"
"10338","9862"
"10338","9864"
"10338","9914"
"10338","9944"
"10338","9960"
"10338","10208"
"10338","10259"
"10339","10284"
"10344","10292"
"10345","10145"
"10345","10164"
"10345","10270"
"10348","9989"
"10349","9575"
"10352","10173"
"10352","10277"
"10354","9993"
"10356","10349"
"10358","9636"
"10359","10161"
"10360","9781"
"10360","9990"
"10362","10349"
"10362","10356"
"10365","10266"
"10367","10349"
"10367","10356"
"10367","10362"
"10368","10300"
"10368","10338"
"10368","10159"
"10368","10099"
"10373","10161"
"10376","10180"
"10377","10233"
"10377","10301"
"10377","10161"
"10380","10062"
"10380","10144"
"10380","10063"
"10381","9805"
"10387","9943"
"10390","10161"
"10391","10011"
"10391","10313"
"10408","10265"
"10411","9545"
"10414","9582"
"10415","9949"
"10415","9721"
"10416","10251"
"10416","10282"
"10418","10321"
"10425","10339"
"10425","10395"
"10426","9633"
"10427","10221"
"10429","10179"
"10433","10200"
"10433","10161"
"10433","10193"
"10438","9781"
"10438","10360"
"10438","10312"
"10438","10346"
"10438","10421"
"10440","9830"
"10440","9973"
"10446","10410"
"10450","10237"
"10450","9835"
"10453","10268"
"10454","9995"
"10458","10159"
"10458","10300"
"10458","10368"
"10460","10297"
"10461","10193"
"10461","10161"
"10461","10200"
"10461","10219"
"10461","10224"
"10461","10269"
"10461","10281"
"10461","10296"
"10461","10308"
"10461","10433"
"10461","10438"
"10461","10456"
"10463","10440"
"10465","10365"
"10469","10292"
"10469","10363"
"10469","10420"
"10470","10408"
"10475","10276"
"10475","10293"
"10475","10456"
"10476","10159"
"10476","10300"
"10476","10380"
"10476","10458"
"10476","10338"
"10476","10062"
"10477","10000"
"10477","10011"
"10481","9987"
"10482","10479"
"10491","10450"
"10493","10480"
"10493","10370"
"10495","10332"
"10497","9993"
"10497","10031"
"10497","10280"
"10497","10450"
"10503","10011"
"10503","10391"
"10507","9805"
"10507","9933"
"10507","10196"
"10507","10274"
"10508","10358"
"10513","9968"
"10515","10379"
"10519","10387"
"10519","10446"
"10520","10175"
"10525","10426"
"10529","10346"
"10531","10450"
"10531","10491"
"10532","9708"
"10533","9698"
"10535","10080"
"10535","10157"
"10537","10219"
"10537","10480"
"10539","9942"
"10541","10134"
"10546","10465"
"10550","10450"
"10553","10539"
"10556","10180"
"10557","10479"
"10558","10154"
"10560","10476"
"10561","9784"
"10563","10266"
"10566","10455"
"10569","10334"
"10573","10530"
"10575","10477"
"10575","10522"
"10575","10476"
"10575","10560"
"10577","9830"
"10577","9973"
"10577","10440"
"10577","10463"
"10577","10180"
"10580","10358"
"10583","10289"
"10585","10195"
"10589","10541"
"10589","9890"
"10590","9980"
"10592","10524"
"10593","10296"
"10593","10103"
"10595","9746"
"10595","10101"
"10597","10309"
"10598","10483"
"10601","10575"
"10601","10560"
"10603","10309"
"10603","10419"
"10605","10119"
"10608","10062"
"10608","10144"
"10610","10575"
"10613","10393"
"10618","10152"
"10623","10000"
"10623","10011"
"10624","10575"
"10625","10575"
"10625","10610"
"10626","9953"
"10628","10247"
"10628","10565"
"10636","10000"
"10647","10182"
"10647","10205"
"10649","10153"
"10652","10214"
"10652","10256"
"10655","9781"
"10655","10360"
"10658","10478"
"10662","10480"
"10662","10160"
"10663","10610"
"10663","10575"
"10665","9995"
"10665","10454"
"10667","10629"
"10675","10577"
"10677","10629"
"10677","10667"
"10681","10152"
"10682","10530"
"10683","10530"
"10685","10560"
"10686","10154"
"10686","10558"
"10695","10096"
"10697","9591"
"10697","9767"
"10697","10473"
"10697","10639"
"10698","10648"
"10700","10483"
"10700","10610"
"10704","10673"
"10708","10560"
"10708","10477"
"10711","9910"
"10715","9775"
"10716","10575"
"10719","9995"
"10719","10454"
"10719","10665"
"10720","10678"
"10720","10539"
"10722","10590"
"10725","10546"
"10729","10452"
"10733","10479"
"10733","10482"
"10737","10427"
"10739","10152"
"10739","10618"
"10740","10673"
"10740","10704"
"10741","10082"
"10741","10401"
"10742","10575"
"10742","10610"
"10742","10625"
"10742","10663"
"10743","9986"
"10744","10358"
"10745","10577"
"10745","10675"
"10746","10560"
"10747","10393"
"10747","10613"
"10752","9732"
"10752","10250"
"10753","10156"
"10754","10655"
"10758","10724"
"10759","10530"
"10761","10582"
"10767","10541"
"10771","10534"
"10772","10673"
"10773","10242"
"10773","10260"
"10773","10346"
"10773","10421"
"10773","10427"
"10773","10529"
"10773","10737"
"10773","10219"
"10773","10296"
"10773","10312"
"10773","10460"
"10773","10480"
"10773","10494"
"10773","10524"
"10773","10539"
"10773","10560"
"10773","10590"
"10773","10601"
"10773","10634"
"10773","10638"
"10773","10655"
"10773","10660"
"10773","10700"
"10773","10705"
"10773","10224"
"10773","10276"
"10773","10293"
"10773","10350"
"10773","10475"
"10773","10611"
"10777","10758"
"10782","10773"
"10784","10519"
"10785","10673"
"10785","10704"
"10785","10740"
"10790","10530"
"10792","10358"
"10794","10501"
"10794","10450"
"10796","10655"
"10796","9781"
"10796","10360"
"10796","10754"
"10797","10731"
"10801","10703"
"10803","10159"
"10805","10800"
"10810","9975"
"10810","10070"
"10813","10530"
"10821","10168"
"10822","10575"
"10822","10610"
"10822","10625"
"10822","10663"
"10822","10742"
"10822","10522"
"10822","10477"
"10823","9646"
"10825","10358"
"10826","10535"
"10832","9887"
"10834","10798"
"10836","10530"
"10837","10232"
"10837","10292"
"10837","10328"
"10837","10344"
"10837","10594"
"10837","10714"
"10838","10700"
"10838","10773"
"10839","10791"
"10844","10046"
"10845","10784"
"10848","10843"
"10852","10530"
"10853","10000"
"10853","10011"
"10856","10358"
"10859","10758"
"10859","10777"
"10860","10823"
"10864","9751"
"10869","10577"
"10869","9769"
"10869","10017"
"10869","10337"
"10876","10855"
"10881","10810"
"10882","10289"
"10882","10583"
"10883","10655"
"10883","10796"
"10884","10560"
"10885","10743"
"10889","10530"
"10889","10857"
"10893","10610"
"10893","10560"
"10893","10575"
"10893","10625"
"10893","10663"
"10893","10742"
"10893","10822"
"10897","9941"
"10902","10773"
"10902","10782"
"10903","10530"
"10903","10624"
"10903","10853"
"10903","10000"
"10903","10011"
"10903","10085"
"10903","10100"
"10903","10187"
"10903","10261"
"10903","10313"
"10903","10391"
"10903","10503"
"10903","10623"
"10903","10636"
"10906","10738"
"10912","10716"
"10912","10575"
"10912","10893"
"10915","10900"
"10915","10893"
"10917","10432"
"10917","10072"
"10920","10700"
"10922","10921"
"10924","10893"
"10927","10728"
"10928","10802"
"10930","10096"
"10931","10673"
"10931","10704"
"10931","10740"
"10931","10785"
"10932","10374"
"10933","10923"
"10937","10472"
"10938","10656"
"10941","10586"
"10945","9630"
"10945","9919"
"10948","10891"
"10948","10929"
"10951","10949"
"10954","10906"
"10954","10738"
"10960","10530"
"10960","10889"
"10968","10858"
"10970","10530"
"10972","10900"
"10973","10893"
"10973","10915"
"10973","10955"
"10983","10025"
"10985","10501"
"10985","10901"
"10986","10898"
"10989","10168"
"10990","10194"
"10991","10929"
"10993","10844"
"10993","10890"
"10994","10640"
"10996","10679"
"11002","10952"
"11009","10214"
"11012","10530"
"11012","10759"
"11012","9778"
"11012","9933"
"11012","9997"
"11012","10069"
"11012","10177"
"11012","10196"
"11012","10274"
"11012","10381"
"11012","10507"
"11018","10994"
"11019","10873"
"11021","9875"
"11021","10265"
"11021","10408"
"11021","10470"
"11028","10932"
"11028","10993"
"11030","10006"
"11032","9561"
"11034","10450"
"11034","10716"
"11034","10912"
"11034","11014"
"11036","10900"
"11038","10945"
"11039","10974"
"11041","10924"
"11041","10784"
"11041","10450"
"11045","10341"
"11047","10530"
"11047","10797"
"11048","9709"
"11048","9797"
"11062","10480"
"11064","10358"
"11066","10530"
"11067","10530"
"11069","11017"
"11070","9708"
"11070","10532"
"11074","10830"
"11074","10673"
"11074","10772"
"11074","10931"
"11075","11030"
"11075","11051"
"11075","10082"
"11075","10170"
"11075","10401"
"11075","10741"
"11084","10995"
"11085","9586"
"11085","10336"
"11085","10717"
"11086","10587"
"11106","11075"
"11106","11030"
"11110","10289"
"11113","11075"
"11113","11106"
"11114","10925"
"11116","10530"
"11119","10735"
"11119","10984"
"11119","11098"
"11122","10847"
"11123","10853"
"11124","11112"
"11134","11100"
"11137","10903"
"11137","10000"
"11138","9721"
"11138","10103"
"11141","9596"
"11142","10810"
"11142","10881"
"11143","11007"
"11144","10857"
"11146","10204"
"11146","11120"
"11148","11132"
"11154","10530"
"11154","10682"
"11159","11143"
"11163","10530"
"11164","10530"
"11164","10857"
"11171","10501"
"11171","10450"
"11171","10794"
"11173","11073"
"11174","10879"
"11178","10851"
"11179","10660"
"11182","11150"
"11184","10530"
"11188","9988"
"11188","10292"
"11188","10363"
"11188","10650"
"11188","10659"
"11188","10714"
"11188","10809"
"11188","10837"
"11188","10984"
"11188","11098"
"11190","10651"
"11191","10995"
"11196","10530"
"11196","10573"
"11196","10852"
"11196","11184"
"11198","11175"
"11205","10729"
"11208","11112"
"11208","11124"
"11209","11186"
"11213","11176"
"11214","11052"
"11218","11017"
"11221","11126"
"11223","10784"
"11223","10845"
"11224","11071"
"11226","10358"
"11228","10530"
"11228","10682"
"11228","10800"
"11228","10835"
"11228","10903"
"11230","10857"
"11230","10530"
"11230","10559"
"11230","10759"
"11230","10766"
"11230","10790"
"11230","10836"
"11230","10889"
"11230","10903"
"11230","10960"
"11230","10970"
"11230","11012"
"11230","11116"
"11230","11164"
"11230","11184"
"11231","10977"
"11237","11017"
"11239","10402"
"11241","10735"
"11241","10984"
"11241","11098"
"11241","11119"
"11242","11157"
"11246","10590"
"11246","10722"
"11246","10925"
"11246","11114"
"11246","11162"
"11247","11197"
"11249","10173"
"11249","10277"
"11249","10352"
"11250","11041"
"11250","11223"
"11251","11248"
"11252","10900"
"11252","11248"
"11257","11228"
"11259","11157"
"11260","11185"
"11261","10973"
"11262","11248"
"11263","10713"
"11263","11010"
"11264","11240"
"11264","10522"
"11265","10448"
"11266","10292"
"11266","10469"
"11266","11098"
"11269","10033"
"11272","10358"
"11272","11226"
"11273","11248"
"11275","11230"
"11278","11017"
"11278","11069"
"11278","11218"
"11281","9989"
"11281","10644"
"11281","10348"
"11285","11224"
"11290","11230"
"11292","11157"
"11293","11248"
"11294","10621"
"11294","11230"
"11294","10970"
"11299","11248"
"11302","11142"
"11303","9721"
"11303","10103"
"11304","11175"
"11304","11198"
"11305","9746"
"11305","10595"
"11309","11215"
"11313","10154"
"11313","10558"
"11313","10686"
"11316","11248"
"11317","10214"
"11319","10707"
"11322","10973"
"11323","11248"
"11326","10713"
"11326","10854"
"11328","11198"
"11334","11269"
"11335","11248"
"11338","11248"
"11339","9561"
"11339","10545"
"11339","11032"
"11342","9741"
"11342","9890"
"11342","10134"
"11342","10541"
"11342","10589"
"11342","10767"
"11342","11031"
"11346","11248"
"11347","11210"
"11349","11136"
"11349","11007"
"11354","11030"
"11354","10347"
"11355","10647"
"11359-A","11278"
"11362","10480"
"11366","11327"
"11367","11248"
"11368","11211"
"11369","11248"
"11375","11246"
"11376","11022"
"11378","10530"
"11378","10682"
"11380","11034"
"11380","10903"
"11382","10501"
"11382","10865"
"11382","10536"
"11382","10765"
"11382","10789"
"11382","10840"
"11382","10854"
"11382","11326"
"11382","10883"
"11382","10898"
"11382","11137"
"11382","11149"
"11382","11161"
"11382","11182"
"11382","10448"
"11382","10631"
"11382","10977"
"11382","11016"
"11382","11046"
"11382","11079"
"11382","11157"
"11382","11190"
"11382","11231"
"11382","11239"
"11382","10534"
"11382","10771"
"11382","10858"
"11382","10968"
"11384","11248"
"11385","11248"
"11386","11182"
"11386","11209"
"11388","10148"
"11389","11248"
"11391","10344"
"11391","10594"
"11391","10837"
"11395","10713"
"11395","11010"
"11395","11263"
"11400","11248"
"11401","9916"
"11401","10128"
"11402","11278"
"11407","11174"
"11408","9845"
"11408","10044"
"11408","10055"
"11408","10645"
"11408","11222"
"11410","11183"
"11411","11394"
"11416","11248"
"11417","10973"
"11418","11353"
"11421","11248"
"11425","11007"
"11425","11143"
"11425","11159"
"11427","11156"
"11428","11149"
"11428","11382"
"11429","11302"
"11432","10973"
"11434","11264"
"11437","11232"
"11437","11352"
"11437","11361"
"11439","11372"
"11441","11248"
"11449","11225"
"11449","11229"
"11455","11426"
"11460","10938"
"11463","11248"
"11464","11368"
"11468","11248"
"11469","11412"
"11473","11157"
"11473","11242"
"11478","11246"
"11478","11375"
"11480","10994"
"11480","11018"
"11485","10030"
"11487","10753"
"11488","11230"
"11489","11248"
"11492","11398"
"11499","11248"
"11500","11452"
"11503","10358"
"11504","11248"
"11506","11211"
"11506","11368"
"11509","11353"
"11509","11418"
"11510","11248"
"11511","11157"
"11512","11035"
"11515","10898"
"11515","10986"
"11515","11382"
"11515","11117"
"11515","11152"
"11515","9586"
"11516","11248"
"11517","10347"
"11517","11354"
"11520","11407"
"11520","11174"
"11521","11397"
"11522","11490"
"11523","11007"
"11529","10302"
"11529","10940"
"11530","10624"
"11530","10903"
"11532","10626"
"11533","10945"
"11537","10001"
"11537","10202"
"11537","10659"
"11537","10735"
"11537","10984"
"11537","11098"
"11537","11119"
"11537","11241"
"11537","11360"
"11537","11497"
"11540","11248"
"11541","11452"
"11541","11472"
"11541","11514"
"11541","11493"
"11542","11248"
"11547","11330"
"11549","10361"
"11550","11248"
"11551","11399"
"11552","10804"
"11555","9979"
"11555","11360"
"11557","11546"
"11560","11508"
"11565","11145"
"11569","10292"
"11570","11222"
"11571","9916"
"11571","10128"
"11571","11401"
"11572","10480"
"11573","10358"
"11575","10427"
"11575","10737"
"11575","11495"
"11579","10973"
"11581","11248"
"11582","10358"
"11582","11226"
"11582","11272"
"11586","10001"
"11586","10008"
"11586","10202"
"11586","10292"
"11586","10420"
"11586","10659"
"11586","10714"
"11586","10837"
"11586","10984"
"11586","11350"
"11586","11360"
"11587","11248"
"11589","10952"
"11590","11222"
"11590","11478"
"11591","11157"
"11594","10480"
"11595","11583"
"11597","11513"
"11601","11390"
"11604","11248"
"11605","10450"
"11605","9835"
"11606","10001"
"11606","10735"
"11606","11360"
"11606","11497"
"11608","11182"
"11608","11386"
"11612","10990"
"11613","11331"
"11613","11345"
"11613","11359"
"11613","11371"
"11613","11528"
"11614","11007"
"11616","11491"
"11617","11615"
"11618","10713"
"11618","11010"
"11618","11263"
"11618","11395"
"11619","11228"
"11622","11621"
"11630","11627"
"11632","11627"
"11633","10865"
"11634","11248"
"11635","11359"
"11639","11627"
"11641","11248"
"11642","11568"
"11646","11345"
"11648","11183"
"11648","11410"
"11651","11052"
"11651","11214"
"11656","11655"
"11660","11640"
"11660","11627"
"11660","11615"
"11661","11260"
"11661","11185"
"11662","11575"
"11671","11007"
"11674","11640"
"11676","11248"
"11677","11533"
"11677","11322"
"11677","11419"
"11680","10941"
"11683","11677"
"11683","11533"
"11684","11554"
"11685","10973"
"11685","11501"
"11686","11671"
"11688","11399"
"11688","11551"
"11690","11455"
"11695","11615"
"11695","11627"
"11695","11640"
"11695","11588"
"11695","11660"
"11695","11674"
"11696","11582"
"11699","11248"
"11701","11598"
"11702","11583"
"11702","11595"
"11702","11453"
"11704","11642"
"11707","11371"
"11710","10918"
"11713","11609"
"11713","11541"
"11715","11708"
"11716","11157"
"11718","11227"
"11718","11277"
"11724","11508"
"11724","11560"
"11725","11575"
"11725","11662"
"11725","11526"
"11725","11678"
"11725","10242"
"11725","10296"
"11725","10421"
"11725","10480"
"11725","10494"
"11725","10601"
"11725","10634"
"11725","10705"
"11725","11556"
"11725","10900"
"11725","10952"
"11725","10958"
"11725","11051"
"11725","11179"
"11725","11415"
"11725","11490"
"11727","11641"
"11727","11676"
"11727","11708"
"11728","11157"
"11729","11710"
"11730","11723"
"11730","11695"
"11731","11647"
"11735","11548"
"11737","11359"
"11737","11659"
"11737","11635"
"11738","11602"
"11744","10000"
"11746","11490"
"11750","11582"
"11753","11132"
"11753","11148"
"11754","11464"
"11759","11567"
"11764","11247"
"11765","10885"
"11766","11754"
"11766","11464"
"11769","11686"
"11773","11697"
"11773","11709"
"11774","11768"
"11777","11691"
"11778","11692"
"11779","11609"
"11780","11768"
"11784","11758"
"11785","10450"
"11785","9835"
"11785","11605"
"11787","10987"
"11787","11491"
"11792","11607"
"11793","10481"
"11796","11533"
"11796","11683"
"11796","11322"
"11796","11419"
"11798","11796"
"11798","11533"
"11799","11554"
"11806","11763"
"11807","11612"
"11807","11491"
"11807","11636"
"11808","11269"
"11808","11789"
"11810","11533"
"11810","11683"
"11810","11322"
"11810","11419"
"11812","11414"
"11812","11475"
"11812","11525"
"11812","11577"
"11812","11638"
"11812","11692"
"11812","11740"
"11816","10973"
"11818","11810"
"11818","11533"
"11818","11683"
"11818","11798"
"11822","11680"
"11823","11710"
"11823","11729"
"11824","11756"
"11825","10896"
"11825","10905"
"11825","11037"
"11825","10289"
"11837","11803"
"11841","10973"
"11842","11803"
"11842","11837"
"11843","11768"
"11846","11030"
"11846","11075"
"11846","11789"
"11846","11808"
"11846","11106"
"11846","11113"
"11848","11828"
"11849","11809"
"11853","11829"
"11857","11803"
"11857","11837"
"11857","11842"
"11863","11833"
"11864","11861"
"11865","11808"
"11867","11784"
"11867","11466"
"11867","11758"
"11870","11643"
"11872","11861"
"11873","11868"
"11878","11803"
"11878","11804"
"11879","10480"
"11880","11388"
"11884","10016"
"11885","11861"
"11888","11844"
"11889","11832"
"11890","10422"
"11891","11582"
"11893","11717"
"11893","11867"
"11893","11861"
"11894","11846"
"11895","11531"
"11896","10973"
"11896","10789"
"11897","11157"
"11898","11861"
"11901","11491"
"11901","11616"
"11901","11636"
"11901","11838"
"11903","11808"
"11906","11888"
"11907","11533"
"11907","10945"
"11907","11846"
"11908","11861"
"11909","11847"
"11910","11795"
"11916","11649"
"11917","11643"
"11917","11870"
"11920","11652"
"11922","11077"
"11924","11869"
"11925","11554"
"11926","11544"
"11927","11861"
"11929","11157"
"11934","11888"
"11934","11906"
"11936","11868"
"11937","11342"
"11938","10000"
"11939","11157"
"11940","11533"
"11940","11683"
"11940","11798"
"11940","11818"
"11940","11907"
"11940","11322"
"11940","11419"
"11943","11941"
"11944","11021"
"11946","11183"
"11947","11846"
"11949","11821"
"11951","11651"
"11954","11724"
"11956","10480"
"11957","11793"
"11958","11501"
"11959","10973"
"11960","11888"
"11963","10900"
"11966","11718"
"11967","11803"
"11968","10407"
"11968","10672"
"11968","11863"
"11974","11888"
"11974","11960"
"11975","11808"
"11976","11861"
"11978","11419"
"11978","11322"
"11979","11832"
"11979","11889"
"11979","11913"
"11980","11832"
"11981","11532"
"11982","11971"
"11983","11861"
"11983","11872"
"11984","11460"
"11985","11905"
"11985","11460"
"11988","11514"
"11988","11296"
"11989","11644"
"11991","11514"
"11993","11972"
"11994","11905"
"11994","11985"
"11995","11861"
"11997","11968"
"11999","11861"
"12000","11869"
"12000","11924"
"12001","11840"
"12002","11533"
"12002","11846"
"12002","11683"
"12002","11798"
"12002","11818"
"12002","11907"
"12002","11940"
"12004","11721"
"12007","11126"
"12007","11221"
"12007","11472"
"12007","11514"
"12007","11625"
"12007","11583"
"12007","11962"
"12007","11948"
"12011","12006"
"12014","10717"
"12015","11813"
"12016","12006"
"12016","12011"
"12017","10631"
"12024","11769"
"12025","11861"
"12027","11541"
"12027","11491"
"12027","11636"
"12029","11342"
"12029","11948"
"12030","11954"
"12032","11888"
"12033","10866"
"12033","10943"
"12034","11103"
"12035","11861"
"12037","12006"
"12037","12011"
"12037","12016"
"12041","11888"
"12047","11312"
"12048","11312"
"12050","11126"
"12050","11832"
"12052","12022"
"12053","12024"
"12056","12006"
"12056","12011"
"12056","12016"
"12056","12037"
"12057","12050"
"12059","11972"
"12059","11993"
"12060","11861"
"12060","11189"
"12060","11195"
"12060","11995"
"12070","10000"
"12072","11512"
"12073","9589"
"12078","12024"
"12079","10536"
"12080","11030"
"12082","10616"
"12082","11151"
"12082","11437"
"12082","11554"
"12090","12054"
"12091","12061"
"12094","11157"
"12096","11759"
"12097","12059"
"12097","12084"
"12098","11562"
"12098","11945"
"12099","12076"
"12100","12071"
"12102","11846"
"12104","11888"
"12105","11881"
"12106","11478"
"12106","11022"
"12106","11480"
"12106","11830"
"12107","11491"
"12107","10577"
"12107","10641"
"12107","10717"
"12107","10927"
"12107","11183"
"12107","11222"
"12107","11315"
"12107","11451"
"12107","11570"
"12107","11639"
"12107","11648"
"12107","11721"
"12107","11935"
"12107","12004"
"12107","12014"
"12107","12043"
"12107","9712"
"12107","9830"
"12107","9932"
"12107","9961"
"12107","10000"
"12107","10242"
"12107","10422"
"12107","10450"
"12107","10459"
"12107","10530"
"12107","10549"
"12107","10550"
"12107","10552"
"12107","10556"
"12107","10647"
"12107","10763"
"12107","10774"
"12107","10804"
"12107","10826"
"12107","10880"
"12107","10903"
"12107","10973"
"12107","10982"
"12107","11103"
"12107","11171"
"12107","11203"
"12107","11219"
"12107","11228"
"12107","11264"
"12107","11348"
"12107","11355"
"12107","11422"
"12107","11434"
"12107","11438"
"12107","11490"
"12107","11512"
"12107","11521"
"12107","11552"
"12107","11561"
"12107","11579"
"12107","11589"
"12107","11603"
"12107","11609"
"12107","11636"
"12107","11744"
"12107","11817"
"12107","11890"
"12107","11895"
"12107","11899"
"12107","11938"
"12107","11955"
"12107","12008"
"12107","12015"
"12107","12027"
"12107","12049"
"12107","12067"
"12107","12070"
"12107","12089"
"12107","12105"
"12107","11787"
"12107","10540"
"12107","10561"
"12107","11616"
"12107","11838"
"12107","11901"
"12111","12076"
"12118","10973"
"12118","11958"
"12119","12076"
"12122","12028"
"12124","11888"
"12126","12107"
"12126","11512"
"12127","12046"
"12128","11636"
"12128","12107"
"12131","11753"
"12133","12045"
"12134","12028"
"12135","12050"
"12135","12057"
"12136","11451"
"12139","12036"
"12141","12113"
"12143","10789"
"12144","12106"
"12145","11952"
"12150","11896"
"12151","12093"
"12154","12076"
"12155","12148"
"12158","11155"
"12161","12092"
"12162","12140"
"12164","11269"
"12168","12024"
"12174","12044"
"12176","12103"
"12178","11223"
"12180","11888"
"12181","11888"
"12181","12124"
"12183","11322"
"12183","11419"
"12183","11978"
"12186","12153"
"12196","11612"
"12196","11807"
"12199","12154"
"12200","12165"
"12203","12173"
"12204","11888"
"12206","12172"
"12210","11958"
"12211","12170"
"12211","12205"
"12213","12169"
"12214","9672"
"12214","12002"
"12219","12078"
"12221","12044"
"12222","11888"
"12223","12196"
"12225","12201"
"12226","12163"
"12227","11896"
"12228","10000"
"12228","10853"
"12233","11476"
"12233","11835"
"12233","12018"
"12233","12198"
"12234","9700"
"12234","11239"
"12234","10402"
"12236","12154"
"12237","12154"
"12239","12082"
"12243","11157"
"12245","12137"
"12249","12248"
"12250","11764"
"12250","11914"
"12259","12250"
"12259","11063"
"12267","11888"
"12271","12258"
"12271","12050"
"12271","12135"
"12271","12195"
"12271","12196"
"12274","11157"
"12276","12170"
"12276","12211"
"12277","12170"
"12277","12211"
"12278","12170"
"12278","12211"
"12279","12170"
"12279","12211"
"12280","12170"
"12280","12211"
"12281","12170"
"12281","12211"
"12282","12170"
"12282","12211"
"12282","12205"
"12283","12170"
"12283","12211"
"12284","12170"
"12284","12211"
"12288","12092"
"12290","12264"
"12292","10471"
"12292","10624"
"12292","10903"
"12292","11034"
"12292","11219"
"12292","12137"
"12292","12163"
"12292","12228"
"12292","9799"
"12292","9837"
"12292","9932"
"12292","10249"
"12292","10477"
"12292","10897"
"12292","11264"
"12292","11434"
"12292","11636"
"12292","12066"
"12292","12145"
"12292","12188"
"12294","12170"
"12294","12211"
"12294","12276"
"12294","12285"
"12298","12247"
"12299","11970"
"12299","12258"
"12302","11888"
"12305","12059"
"12305","11992"
"12305","12084"
"12305","12097"
"12305","12064"
"12305","12258"
"12306","11476"
"12306","11835"
"12306","12018"
"12306","12198"
"12306","12233"
"12307","12285"
"12309","12296"
"12311","11888"
"12312","11448"
"12317","12285"
"12318","11541"
"12318","10253"
"12318","10033"
"12318","12013"
"12318","11961"
"12319","11331"
"12319","11345"
"12319","11371"
"12319","11578"
"12319","11658"
"12319","11659"
"12321","12163"
"12321","11958"
"12322","12113"
"12325","12308"
"12337","11157"
"12339","12310"
"12341","12251"
"12342","11643"
"12343","10839"
"12347","12260"
"12348","11954"
"12349","11888"
"12350","12074"
"12353","10927"
"12354","11888"
"12355","12336"
"12357","11896"
"12363","12293"
"12363","12188"
"12363","11264"
"12365","12163"
"12365","11958"
"12366","12323"
"12368","12133"
"12371","11888"
"12371","12354"
"12376","12358"
"12377","10692"
"12378","12367"
"12380","11157"
"12381","12148"
"12381","12319"
"12388","12047"
"12388","12048"
"12388","12260"
"12388","12293"
"12389","11888"
"12389","12371"
"12389","12354"
"12394","11157"
"12396","10621"
"12396","11390"
"12396","12239"
"12397","12335"
"12398","12369"
"12402","12335"
"12403","11269"
"12406","12400"
"12407","12314"
"12408","12374"
"12410","12171"
"12413","11888"
"12413","12389"
"12415","12358"
"12416","12372"
"12417","12155"
"12418","11735"
"12418","12123"
"12418","12316"
"12422","12154"
"12423","12163"
"12423","11958"
"12424","12400"
"12429","12369"
"12430","10936"
"12431","12154"
"12434","11107"
"12434","10101"
"12434","10723"
"12434","10724"
"12434","10746"
"12434","10751"
"12434","11703"
"12434","11704"
"12437","12217"
"12440","12428"
"12441","11888"
"12442","12401"
"12445","11459"
"12447","12369"
"12449","12433"
"12450","11830"
"12451","12444"
"12451","12002"
"12451","12214"
"12452","9708"
"12452","10532"
"12452","11070"
"12454","12382"
"12455","12369"
"12457","12428"
"12458","12163"
"12459","11888"
"12460","11476"
"12460","11835"
"12460","12018"
"12460","12198"
"12460","12233"
"12460","12306"
"12460","12315"
"12460","12340"
"12460","12383"
"12464","11016"
"12466","11609"
"12471","11888"
"12471","12413"
"12473","11051"
"12473","11476"
"12473","11835"
"12473","12018"
"12473","12198"
"12473","12233"
"12473","12306"
"12473","12340"
"12473","12383"
"12473","12460"
"12474","12260"
"12475","11651"
"12476","12421"
"12477","12456"
"12482","12426"
"12483","11888"
"12484","12473"
"12484","12315"
"12484","12306"
"12487","12456"
"12488","11157"
"12493","12136"
"12494","11157"
"12497","12462"
"12498","12291"
"12500","12163"
"12504","11030"
"12507","12435"
"12510","10000"
"12510","12070"
"12512","12348"
"12515","11888"
"12516","12493"
"12518","11961"
"12519","11888"
"12521","10480"
"12522","11609"
"12524","11888"
"12525","12470"
"12525","12002"
"12525","12214"
"12527","11252"
"12529","12503"
"12530","12356"
"12530","12163"
"12530","11223"
"12533","12462"
"12535","12532"
"12536","12293"
"12537","12331"
"12539","12345"
"12540","12496"
"12541","11157"
"12542","12526"
"12544","12543"
"12547","12356"
"12547","11920"
"12551","12131"
"12559","12171"
"12560","12163"
"12560","11958"
"12561","10621"
"12561","11294"
"12565","11222"
"12567","11269"
"12577","11582"
"12579","12462"
"12581","12575"
"12584","12575"
"12585","12362"
"12586","12473"
"12586","12484"
"12586","12550"
"12593","12367"
"12597","12547"
"12597","12356"
"12598","12576"
"12602","12493"
"12603","12601"
"12604","12528"
"12609","12592"
"12611","12570"
"12611","10012"
"12612","12372"
"12612","12291"
"12612","12498"
"12617","12462"
"12619","11582"
"12620","12163"
"12621","12614"
"12624","12537"
"12625","12301"
"12627","12607"
"12632","12559"
"12632","12171"
"12633","10631"
"12637","12552"
"12639","12163"
"12640","11480"
"12645","12364"
"12647","11269"
"12649","10480"
"12652","12215"
"12653","11183"
"12666","12171"
"12671","12171"
"12672","11830"
"12673","12148"
"12673","11795"
"12674","11222"
"12674","12565"
"12676","12654"
"12678","12154"
"12679","12154"
"12680","12163"
"12680","11958"
"12683","10153"
"12683","10649"
"12688","10355"
"12689","12549"
"12693","12171"
"12694","12345"
"12695","12163"
"12697","12661"
"12701","12334"
"12704","11830"
"12704","12367"
"12704","12692"
"12705","12686"
"12707","12513"
"12708","12473"
"12708","12484"
"12708","12550"
"12708","12586"
"12709","12345"
"12710","12635"
"12716","12661"
"12717","12691"
"12721","12362"
"12721","12585"
"12731","12674"
"12731","11222"
"12731","12565"
"12733","12727"
"12734","12722"
"12738","12163"
"12738","11958"
"12739","11582"
"12741","12687"
"12743","12722"
"12749","12154"
"12752","12291"
"12752","12498"
"12752","12220"
"12752","12583"
"12756","12696"
"12757","11269"
"12760","12493"
"12762","11157"
"12764","12748"
"12769","12571"
"12769","12532"
"12769","12535"
"12771","12723"
"12771","12725"
"12771","12722"
"12773","10480"
"12776","10448"
"12782","12594"
"12783","12720"
"12785","12687"
"12786","12736"
"12793","10879"
"12795","12260"
"12797","12438"
"12801","12543"
"12803","12612"
"12803","12291"
"12803","12498"
"12805","12625"
"12807","12324"
"12812","12356"
"12814","12154"
"12815","12813"
"12817","12722"
"12819","12651"
"12822","11609"
"12823","12757"
"12825","11582"
"12826","12786"
"12827","12792"
"12831","12808"
"12831","12810"
"12833","12154"
"12836","12818"
"12836","12800"
"12841","12154"
"12846","12808"
"12846","12810"
"12846","12831"
"12847","11423"
"12847","10485"
"12847","10530"
"12848","11320"
"12852","12737"
"12853","12775"
"12853","12779"
"12855","12852"
"12863","12334"
"12863","12537"
"12867","12730"
"12867","12735"
"12867","12002"
"12867","12214"
"12872","12775"
"12872","12779"
"12872","12853"
"12875","12866"
"12877","12569"
"12883","12748"
"12884","12163"
"12885","12829"
"12886","12826"
"12887","12878"
"12888","12473"
"12888","12484"
"12888","12550"
"12888","12586"
"12888","12708"
"12888","12767"
"12890","12864"
"12892","12250"
"12892","11063"
"12892","12259"
"12899","12874"
"12900","12729"
"12912","12878"
"12913","12582"
"12914","12775"
"12914","12779"
"12921","12864"
"12922","12775"
"12922","12779"
"12922","12853"
"12922","12872"
"12922","12914"
"12922","12920"
"12932","12775"
"12932","12779"
"12932","12853"
"12932","12872"
"12932","12914"
"12932","12917"
"12932","12920"
"12932","12922"
"12934","12808"
"12934","12810"
"12935","11157"
"12936","12473"
"12936","12484"
"12936","12550"
"12936","12586"
"12936","12708"
"12936","12767"
"12936","12888"
"12940","12300"
"12942","12154"
"12943","11755"
"12944","12826"
"12944","12886"
"12945","12640"
"12948","12898"
"12952","12950"
"12960","12473"
"12960","12484"
"12960","12550"
"12960","12586"
"12960","12708"
"12960","12767"
"12960","12888"
"12960","12936"
"12965","12852"
"12970","12864"
"12971","12425"
"12972","12958"
"12973","12901"
"12980","12852"
"12982","12304"
"12983","12871"
"12984","12944"
"12987","12964"
"12990","12984"
"12991","12131"
"12993","12805"
"12994","11280"
"12994","11776"
"12998","11880"
"13002","11216"
"13006","12072"
"13006","11593"
"13008","12880"
"13008","12992"
"13009","12963"
"13014","12143"
"13018","12975"
"13023","12992"
"13024","12015"
"13025","13010"
"13028","12757"
"13028","12823"
"13030","12163"
"13030","11958"
"13030","12884"
"13032","12964"
"13032","12987"
"13033","12984"
"13033","12990"
"13034","12961"
"13039","12171"
"13040","13017"
"13043","12566"
"13044","12752"
"13046","12975"
"13052","12135"
"13054","12721"
"13056","13017"
"13063","12154"
"13064","13010"
"13064","12958"
"13065","13038"
"13065","13062"
"13066","13037"
"13068","11582"
"13070","12863"
"13071","13033"
"13074","12656"
"13076","12304"
"13077","13010"
"13081","13038"
"13082","10692"
"13082","12377"
"13083","12866"
"13083","12988"
"13083","12612"
"13083","12875"
"13084","12866"
"13084","12988"
"13086","12473"
"13086","12484"
"13086","12550"
"13086","12586"
"13086","12708"
"13086","12767"
"13086","12888"
"13086","12936"
"13086","12960"
"13087","11478"
"13091","11958"
"13091","12163"
"13093","13061"
"13093","13080"
"13095","13083"
"13099","12947"
"13102","13038"
"13106","13071"
"13106","12748"
"13108","13037"
"13109","11582"
"13114","12852"
"13118","12163"
"13118","12884"
"13118","11579"
"13118","12757"
"13118","11269"
"13118","12703"
"13118","12599"
"13118","12293"
"13118","12301"
"13118","12188"
"13118","12260"
"13118","11958"
"13118","11223"
"13120","12304"
"13130","13010"
"13131","12757"
"13131","12823"
"13131","13028"
"13132","12372"
"13132","12866"
"13132","12988"
"13132","12612"
"13132","12875"
"13132","13083"
"13132","13095"
"13135","12216"
"13136","13090"
"13142","12958"
"13143","10173"
"13144","13106"
"13152","11478"
"13154","10977"
"13154","12985"
"13156","12871"
"13156","12983"
"13160","12250"
"13162","12596"
"13175","12866"
"13175","12988"
"13175","13132"
"13175","13084"
"13182","10639"
"13182","13144"
"13184","12834"
"13188","13111"
"13192","13088"
"13192","13121"
"13201","12836"
"13201","12800"
"13202","12836"
"13202","12818"
"13203","12871"
"13203","12983"
"13203","13156"
"13204","12933"
"13206","12924"
"13206","12002"
"13206","12214"
"13206","12938"
"13206","12981"
"13206","13026"
"13207","10000"
"13208","13202"
"13209","13183"
"13213","13194"
"13216","13125"
"13223","12006"
"13229","13045"
"13232","10789"
"13233","12667"
"13238","11582"
"13245","10513"
"13246","11822"
"13249","13182"
"13251","12343"
"13252","12171"
"13253","13223"
"13255","13227"
"13264","13180"
"13265","10830"
"13265","12345"
"13268","13224"
"13268","13129"
"13273","10173"
"13276","12807"
"13277","11846"
"13279","11246"
"13279","13198"
"13279","13199"
"13281","11582"
"13282","13249"
"13289","10977"
"13289","12985"
"13290","12722"
"13291","13282"
"13293","10448"
"13293","12776"
"13294","11157"
"13294","11800"
"13295","12452"
"13296","13045"
"13298","12865"
"13298","13069"
"13298","13098"
"13301","12863"
"13301","13070"
"13303","12722"
"13303","12724"
"13303","13290"
"13308","12580"
"13309","12994"
"13310","13047"
"13312","13194"
"13312","13213"
"13315","13303"
"13319","13183"
"13320","11582"
"13321","12396"
"13322","13282"
"13322","13291"
"13324","13194"
"13324","13213"
"13325","12293"
"13332","13322"
"13343","11582"
"13344","13261"
"13345","11269"
"13345","12757"
"13345","12823"
"13345","13028"
"13345","13131"
"13346","12163"
"13346","13277"
"13351","13334"
"13358","12203"
"13361","12163"
"13362","13286"
"13363","13289"
"13364","13303"
"13364","13315"
"13364","13350"
"13368","13332"
"13374","12293"
"13374","13325"
"13375","13295"
"13376","12863"
"13376","13070"
"13376","13301"
"13377","11767"
"13378","12788"
"13379","13369"
"13380","12916"
"13383","12139"
"13383","12949"
"13386","13369"
"13386","13379"
"13393","13368"
"13401","12820"
"13401","13254"
"13408","13381"
"13412","13067"
"13414","13402"
"13415","12748"
"13415","12828"
"13418","13317"
"13420","13393"
"13421","11582"
"13422","12866"
"13424","13285"
"13428","10992"
"13429","13417"
"13436","13381"
"13438","13303"
"13438","13315"
"13438","13350"
"13438","13364"
"13447","12473"
"13447","13262"
"13448","13047"
"13448","13310"
"13453","11582"
"13454","13420"
"13460","13338"
"13460","13399"
"13462","12333"
"13462","12863"
"13462","12958"
"13462","12968"
"13463","13389"
"13463","13390"
"13464","13047"
"13464","13310"
"13464","13448"
"13468","12473"
"13469","13288"
"13469","13391"
"13471","13285"
"13472","11030"
"13474","12962"
"13475","12139"
"13475","12949"
"13476","13467"
"13476","13176"
"13482","11582"
"13483","13454"
"13489","13233"
"13491","13440"
"13495","13204"
"13496","13201"
"13497","13258"
"13497","13422"
"13497","12866"
"13502","13202"
"13502","13208"
"13504","13390"
"13512","13390"
"13516","13462"
"13516","12333"
"13516","12958"
"13516","12968"
"13519","13271"
"13523","11582"
"13524","12425"
"13525","13483"
"13529","12304"
"13534","12870"
"13535","10503"
"13537","13299"
"13552","12473"
"13557","13481"
"13559","13279"
"13559","13198"
"13559","13199"
"13559","13498"
"13561","13525"
"13567","13492"
"13567","13491"
"13578","13509"
"13583","13171"
"13583","13518"
"13583","13548"
"13583","13163"
"13583","13078"
"13583","12067"
"13593","12473"
"13594","13561"
"13615","13370"
"13620","13536"
"13631","13544"
"13631","13591"
"13633","11582"
"13634","13555"
"13635","13594"
"13637","11958"
"13637","13222"
"13640","13498"
"13640","13569"
"13641","13635"
"13643","12473"
"13644","13639"
"13651","13047"
"13651","13448"
"13651","13619"
"13651","13310"
"13651","13464"
"13655","13641"
"13663","13654"
"13665","11246"
"13666","12019"
"13668","13303"
"13668","13364"
"13668","13315"
"13669","12473"
"13672","11478"
"13672","11246"
"13674","13295"
"13674","13375"
"13680","12304"
"13682","11582"
"13683","11030"
"13683","13653"
"13683","13673"
"13686","13655"
"13696","12473"
"13697","11155"
"13697","12158"
"13709","10431"
"13710","13348"
"13711","13700"
"13713","11582"
"13715","13686"
"13723","13289"
"13724","12137"
"13730","12473"
"13734","13675"
"13735","13246"
"13736","13247"
"13736","13261"
"13738","13673"
"13739","13396"
"13740","12473"
"13742","13047"
"13742","13448"
"13742","13619"
"13742","13310"
"13742","13464"
"13742","13651"
"13743","12353"
"13749","13597"
"13755","13245"
"13758","11016"
"13761","13067"
"13761","13412"
"13761","13400"
"13762","13557"
"9598","9538"
"9603","9540"
"9603","9542"
"9603","9552"
"9603","9559"
"9603","9560"
"9603","9564"
"9603","9565"
"9603","9577"
"9603","9585"
"9603","9589"
"9603","9593"
"9603","9595"
"9627","9611"
"9651","9599"
"9651","9620"
"9652","9621"
"9652","9630"
"9672","9617"
"9676","9638"
"9679","9547"
"9679","9574"
"9690","9685"
"9697","9599"
"9699","9620"
"9699","9697"
"9707","9689"
"9709","9669"
"9712","9678"
"9714","9692"
"9717","9716"
"9721","9691"
"9724","9672"
"9729","9638"
"9730","9630"
"9733","9538"
"9736","9729"
"9738","9662"
"9739","9587"
"9743","9587"
"9744","9674"
"9744-A","9617"
"9744-B","9583"
"9744-B","9642"
"9744-C","9561"
"9758","9728"
"9762","9699"
"9766","9710"
"9767","9591"
"9772","9683"
"9778","9743"
"9785","9744"
"9792","9629"
"9792","9714"
"9796","9761"
"9797","9709"
"9806","9728"
"9815","9691"
"9818","9725"
"9818","9747"
"9818","9789"
"9823","9698"
"9823","9751"
"9832","9647"
"9834","9805"
"9834","9739"
"9840","9629"
"9840","9714"
"9840","9792"
"9841","9809"
"9841","9762"
"9842","9784"
"9857-A","9637"
"9857-B","9734"
"9862","9721"
"9867","9629"
"9867","9714"
"9867","9792"
"9867","9840"
"9869","9744"
"9869","9785"
"9871","9561"
"9871","9744"
"9871","9825"
"9876","9818"
"9886","9629"
"9886","9714"
"9886","9792"
"9886","9840"
"9886","9867"
"9887","9698"
"9887","9751"
"9887","9823"
"9887","9863"
"9894","9787"
"9900","9891"
"9903","9768"
"9904","9635"
"9911","9698"
"9911","9751"
"9911","9823"
"9911","9863"
"9911","9887"
"9915","9577"
"9919","9729"
"9919","9630"
"9919","9915"
"9926","9898"
"9931","9905"
"9933","9805"
"9938","9544"
"9944","9857"
"9945","9824"
"9949","9721"
"9950","9877"
"9952","9711"
"9952","9721"
"9952","9862"
"9952","9932"
"9960","9864"
"9960","9914"
"9961","9830"
"9965","9958"
"9970","9939"
"9971","9957"
"9972","9698"
"9972","9751"
"9972","9823"
"9972","9863"
"9972","9887"
"9972","9911"
"9973","9830"
"9974","9898"
"9974","9926"
"9976","9871"
"9982","9870"
"9984","9744"
"9984","9785"
"9984","9869"
"9986","9641"
"9987","9964"
"9990","9781"
"9994","9952"
"9997","9805"
