"Source","Target","Weight"
"t.1","t.2",0.00164734313549171
"t.1","t.3",0.00875964372338259
"t.1","t.4",0.00172465909885124
"t.1","t.6",0.000338493077376451
"t.1","t.7",0.00395360485576651
"t.1","t.9",0.0133070494782387
"t.1","t.11",0.0212246642645649
"t.1","t.12",0.0252810613424997
"t.1","t.14",0.00968701836277877
"t.1","t.15",0.00425011506505205
"t.1","t.16",0.00121075230672217
"t.1","t.17",0.00203089846172637
"t.1","t.20",0.00521563652795792
"t.1","t.23",0.00182110107578103
"t.1","t.24",0.000373485478955042
"t.1","t.25",0.00123207826734913
"t.1","t.29",0.000197157163761336
"t.1","t.34",0.0017644215917363
"t.1","t.37",0.000885252289849855
"t.1","t.39",0.0113639795730846
"t.1","t.41",0.0434318783567557
"t.1","t.42",0.0960802453403237
"t.1","t.43",0.000294069931199972
"t.1","t.48",0.000302693377248112
"t.1","t.55",0.00167741532264167
"t.1","t.57",0.0214378457900964
"t.1","t.58",0.0025463278496127
"t.1","t.63",0.00326034383273106
"t.1","t.64",0.00146484779996773
"t.1","t.65",0.00240054448007559
"t.1","t.66",0.0201242711954846
"t.1","t.67",0.000394283720424908
"t.1","t.68",0.00942559694031206
"t.1","t.72",0.0144844794566572
"t.1","t.73",0.065989482461944
"t.1","t.75",0.0153153373804689
"t.1","t.76",0.00090203967536579
"t.1","t.77",0.00544827944207136
"t.1","t.78",0.00458247544425008
"t.2","t.3",0.00432371814507518
"t.2","t.5",0.0074848850462182
"t.2","t.7",0.0166657579959584
"t.2","t.8",0.00457567298821058
"t.2","t.9",0.000401302349040105
"t.2","t.10",0.00281379328393003
"t.2","t.11",0.000831744485558771
"t.2","t.12",0.00133815228159488
"t.2","t.14",0.0273120632268211
"t.2","t.15",0.0286361429033787
"t.2","t.16",0.0060211418386474
"t.2","t.17",0.0587845055636091
"t.2","t.18",0.0215192261893318
"t.2","t.19",0.00195238860157501
"t.2","t.20",0.00305352215253183
"t.2","t.21",0.000900545441974398
"t.2","t.22",0.0342492989692366
"t.2","t.23",0.101474977797537
"t.2","t.24",0.000757962137492855
"t.2","t.27",0.000474815177435943
"t.2","t.28",0.00126375804615232
"t.2","t.29",0.0168561056483099
"t.2","t.31",0.0598230441294373
"t.2","t.32",0.00235835534907835
"t.2","t.33",0.00378328142522866
"t.2","t.34",0.0757720927817733
"t.2","t.35",0.0231668046943149
"t.2","t.36",0.00390009579086829
"t.2","t.37",0.00100137201051336
"t.2","t.39",0.00305595940893859
"t.2","t.40",0.0871685355462206
"t.2","t.41",0.00324288894314429
"t.2","t.42",0.00328371873519521
"t.2","t.43",0.0216559292606769
"t.2","t.47",0.01014441722649
"t.2","t.49",0.000311910680007109
"t.2","t.50",0.0169351784790289
"t.2","t.51",0.0269716356677367
"t.2","t.52",0.00413051343483064
"t.2","t.53",0.0355781063140708
"t.2","t.54",0.00528791131164576
"t.2","t.55",0.000534669669865891
"t.2","t.57",0.039665748965304
"t.2","t.58",0.0369484198417882
"t.2","t.60",0.00461900020816231
"t.2","t.61",0.0114616362206513
"t.2","t.63",0.00191492669995305
"t.2","t.65",0.00568206099897747
"t.2","t.67",0.020553830454937
"t.2","t.68",0.0105355027806253
"t.2","t.69",0.102186456535402
"t.2","t.70",0.0013408086541833
"t.2","t.71",0.00326773265058427
"t.2","t.72",0.00102478889580837
"t.2","t.73",0.0489918918855494
"t.2","t.74",0.00593328798815558
"t.2","t.75",0.000406616709699538
"t.2","t.76",0.00236520539233139
"t.2","t.77",0.00403046355611689
"t.2","t.78",0.0535410811517279
"t.2","t.79",0.00232122216917368
"t.3","t.4",0.00148944272737222
"t.3","t.5",0.104859921541495
"t.3","t.7",0.0411651681704104
"t.3","t.8",0.0106003154620392
"t.3","t.9",0.0032200476693552
"t.3","t.10",0.136485951415661
"t.3","t.11",0.00345913792498502
"t.3","t.12",0.00300753826641585
"t.3","t.13",0.00311718286975445
"t.3","t.14",0.0239179995848551
"t.3","t.15",0.0489079594197162
"t.3","t.16",0.195701421819297
"t.3","t.17",0.102905006772998
"t.3","t.18",0.00453901577607741
"t.3","t.19",0.0276695100329702
"t.3","t.20",0.015785775424152
"t.3","t.21",0.00846498942905877
"t.3","t.22",0.000653489247479242
"t.3","t.23",0.00575201807152465
"t.3","t.24",0.0184816038431044
"t.3","t.25",0.0398719904429626
"t.3","t.27",0.0282867924955349
"t.3","t.28",0.0037619877774559
"t.3","t.29",0.0131718221252777
"t.3","t.30",0.00324975579245708
"t.3","t.31",0.000984997797387125
"t.3","t.32",0.00249507834350147
"t.3","t.34",0.0301895882460871
"t.3","t.35",0.00884865121087927
"t.3","t.36",0.00107824801902198
"t.3","t.37",0.0106212836392579
"t.3","t.38",0.026941371310274
"t.3","t.39",0.0121133149566907
"t.3","t.40",0.00186926861251726
"t.3","t.41",0.0429953837748384
"t.3","t.42",0.00342289822010928
"t.3","t.43",0.00537020536830197
"t.3","t.44",0.00909684379662698
"t.3","t.45",0.0320631805123699
"t.3","t.46",0.0849554354466578
"t.3","t.47",0.00369482273934891
"t.3","t.48",0.000603802893083452
"t.3","t.49",0.0153626113306092
"t.3","t.50",0.0272999514000906
"t.3","t.52",0.00458665264617073
"t.3","t.53",0.00819595503680517
"t.3","t.55",0.000713847837879381
"t.3","t.56",0.00082366927985539
"t.3","t.57",0.339379096146014
"t.3","t.58",0.113484963402993
"t.3","t.59",0.0174028623336811
"t.3","t.60",0.00295812825606205
"t.3","t.61",0.054665295673856
"t.3","t.62",0.00854312125027253
"t.3","t.63",0.00376227937457922
"t.3","t.64",0.0125816773631519
"t.3","t.65",0.0112480098358261
"t.3","t.66",0.000460435999904676
"t.3","t.67",0.0345933910759123
"t.3","t.68",0.0125228644331312
"t.3","t.69",0.00404273596942481
"t.3","t.70",0.000397712090176352
"t.3","t.71",0.00333474811606333
"t.3","t.72",0.00408396935230538
"t.3","t.73",0.257711010044655
"t.3","t.74",0.000421100405667346
"t.3","t.75",0.151872480549696
"t.3","t.77",0.00164732208665465
"t.3","t.78",0.0426364006328163
"t.3","t.79",0.0150866779414738
"t.3","t.80",0.00144970473978349
"t.4","t.5",0.00172372296985861
"t.4","t.6",0.000623810963338107
"t.4","t.7",0.0176986277904759
"t.4","t.8",0.0140440088933358
"t.4","t.9",0.00128374447651374
"t.4","t.10",0.000403591315945177
"t.4","t.11",0.00118587890690025
"t.4","t.12",0.0145599210919817
"t.4","t.13",0.000988421804908777
"t.4","t.14",0.11642886883063
"t.4","t.15",0.0442169582778964
"t.4","t.16",0.000423515987155582
"t.4","t.17",0.0538950640088307
"t.4","t.20",0.0364651337778841
"t.4","t.21",0.00760135163817449
"t.4","t.22",0.060068838718274
"t.4","t.23",0.112036752915994
"t.4","t.24",0.000532022925381712
"t.4","t.25",0.0146265434779691
"t.4","t.26",0.00185168967471699
"t.4","t.27",0.00106748487463732
"t.4","t.28",0.00185352494803215
"t.4","t.29",0.000871923288597379
"t.4","t.30",0.00953506971491234
"t.4","t.31",0.0128866511374489
"t.4","t.32",0.0129459206330275
"t.4","t.34",0.0495885872919294
"t.4","t.35",0.0495408194493591
"t.4","t.36",0.00839026806716473
"t.4","t.37",0.00250662281017151
"t.4","t.38",0.00216388094063799
"t.4","t.39",0.00478574549238664
"t.4","t.40",0.024511893391758
"t.4","t.41",0.0046809619557419
"t.4","t.42",0.000460433264664329
"t.4","t.43",0.00981087970828232
"t.4","t.44",0.0116488650075435
"t.4","t.45",0.00148244462355849
"t.4","t.46",0.00031134728432128
"t.4","t.47",0.00966419871170077
"t.4","t.48",0.00207979073030068
"t.4","t.49",0.00773418445508069
"t.4","t.50",0.00170838736693401
"t.4","t.51",0.0220488734454623
"t.4","t.52",0.0053128063944489
"t.4","t.53",0.00685869780839978
"t.4","t.54",0.0296669779615364
"t.4","t.55",0.0139782361157331
"t.4","t.56",0.00367933782885532
"t.4","t.57",0.0325081225786173
"t.4","t.58",0.0057342620175375
"t.4","t.59",0.00249214064195656
"t.4","t.61",0.0110980387790752
"t.4","t.62",0.0130654658191182
"t.4","t.63",0.0012124190940662
"t.4","t.64",0.0438183028215532
"t.4","t.65",0.0184277823077683
"t.4","t.67",0.0272709735297801
"t.4","t.68",0.0268144919590389
"t.4","t.69",0.0124191484262144
"t.4","t.70",0.00436492151266351
"t.4","t.71",0.00456376239492597
"t.4","t.73",0.0640397428919585
"t.4","t.74",0.00566895898964876
"t.4","t.75",0.00637904495164254
"t.4","t.76",0.00730149502895376
"t.4","t.77",0.0035065977432233
"t.4","t.78",0.00235330372310721
"t.4","t.79",0.000965743273925833
"t.5","t.7",0.000845799255664173
"t.5","t.8",0.0432691444371019
"t.5","t.9",0.00494373077260088
"t.5","t.10",0.0146803287548746
"t.5","t.11",0.00273005832828706
"t.5","t.12",0.00340108480276898
"t.5","t.13",0.00267226625614214
"t.5","t.14",0.0050060730933846
"t.5","t.15",0.0646342370739156
"t.5","t.16",0.0230693229524699
"t.5","t.17",0.0763659607091303
"t.5","t.18",0.00506721539511515
"t.5","t.21",0.000641006705570279
"t.5","t.22",0.000390493411402267
"t.5","t.23",0.00153021580254893
"t.5","t.24",0.0029022561782777
"t.5","t.25",0.0044709180935194
"t.5","t.26",0.0015619382136657
"t.5","t.27",0.0138224445132346
"t.5","t.29",0.000740543439788751
"t.5","t.30",0.00283118782637833
"t.5","t.32",0.000812241387500051
"t.5","t.33",0.0160300292376048
"t.5","t.34",0.00657961556935221
"t.5","t.36",0.00452717769340332
"t.5","t.37",0.00402621232232061
"t.5","t.38",0.0749647021330611
"t.5","t.39",0.00125429108582192
"t.5","t.40",0.00299660839888382
"t.5","t.41",0.00332608480365697
"t.5","t.43",0.00595776780178478
"t.5","t.44",0.00464961779265317
"t.5","t.46",0.0122100692516618
"t.5","t.47",0.001802524130173
"t.5","t.48",0.000449466971612179
"t.5","t.49",0.00288354912379807
"t.5","t.50",0.0228614500220518
"t.5","t.51",0.00188048371957144
"t.5","t.52",0.000779739633412506
"t.5","t.53",0.00311902485690718
"t.5","t.54",0.000535980573589481
"t.5","t.55",0.00966079993091602
"t.5","t.56",0.00056931938384538
"t.5","t.57",0.0442120063389768
"t.5","t.58",0.00869682289053992
"t.5","t.59",0.0166133575743945
"t.5","t.60",0.00117630066518841
"t.5","t.61",0.0369674325295736
"t.5","t.62",0.000599882094008447
"t.5","t.63",0.00087462243328396
"t.5","t.64",0.00546009757248645
"t.5","t.65",0.000423325760507315
"t.5","t.67",0.127408191978364
"t.5","t.68",0.00247633720760856
"t.5","t.69",0.00622226149224626
"t.5","t.71",0.018397469936867
"t.5","t.72",0.00042699309604123
"t.5","t.73",0.135705539155333
"t.5","t.74",0.00223229727237251
"t.5","t.75",0.0229417840257797
"t.5","t.76",0.0130526713111764
"t.5","t.77",0.00104793443752283
"t.5","t.78",0.0119848364382967
"t.5","t.80",0.00161433192474491
"t.6","t.7",0.0110411561833742
"t.6","t.8",0.00529594103403803
"t.6","t.9",0.00534722992401213
"t.6","t.12",0.000428686451312046
"t.6","t.13",0.00529611512149419
"t.6","t.14",0.0198804308962938
"t.6","t.15",0.0201244712448328
"t.6","t.16",0.00101337997559826
"t.6","t.17",0.0288831688724789
"t.6","t.18",0.00236560699828773
"t.6","t.19",0.000413208113618754
"t.6","t.20",0.000608032038838323
"t.6","t.21",0.00755555813832387
"t.6","t.22",0.0124349679020164
"t.6","t.23",0.0108066394531841
"t.6","t.24",0.0228923166678952
"t.6","t.25",0.00021965173057188
"t.6","t.26",0.00170940767067238
"t.6","t.27",0.000864214625396727
"t.6","t.28",0.00171538517779493
"t.6","t.29",0.000935320746977213
"t.6","t.31",0.00378916732061245
"t.6","t.33",0.00914928349171012
"t.6","t.34",0.0340358382891563
"t.6","t.35",0.0204439145802939
"t.6","t.36",0.0163659915696826
"t.6","t.37",0.00286553973045701
"t.6","t.39",0.00313929593625738
"t.6","t.40",0.0428845795546727
"t.6","t.41",0.00132069147560735
"t.6","t.42",0.000709369023028307
"t.6","t.43",0.000443550704383484
"t.6","t.45",0.0256207758260627
"t.6","t.47",0.0057565415619813
"t.6","t.49",0.00359295884751887
"t.6","t.50",0.00981133942109886
"t.6","t.51",0.00605073189213666
"t.6","t.52",0.00487589064404625
"t.6","t.53",0.00539684788324032
"t.6","t.54",0.00981742338248404
"t.6","t.55",0.00176744533555177
"t.6","t.56",0.00388342388112858
"t.6","t.57",0.00473976768601036
"t.6","t.58",0.0639514728830019
"t.6","t.59",0.00433219493576099
"t.6","t.60",0.00318622486405573
"t.6","t.62",0.000628519846599022
"t.6","t.63",0.00374222400194506
"t.6","t.64",0.00196045318777978
"t.6","t.66",0.000513130444500042
"t.6","t.67",0.0413825191809942
"t.6","t.68",0.084997500476937
"t.6","t.69",0.0118391576367681
"t.6","t.70",0.000232390163912468
"t.6","t.73",0.0172830620779485
"t.6","t.74",0.00314805678373457
"t.6","t.75",0.0179957207306766
"t.6","t.76",0.00796249500949062
"t.6","t.77",0.0157805781937245
"t.6","t.78",0.00111080381334872
"t.6","t.79",0.0291617228235079
"t.6","t.80",0.0134452697485627
"t.7","t.8",0.00275386906961505
"t.7","t.9",0.0117237762589102
"t.7","t.10",0.00233936144026736
"t.7","t.12",0.00738184528640622
"t.7","t.13",0.00847656586540946
"t.7","t.14",0.014911942031475
"t.7","t.15",0.0297434868210984
"t.7","t.16",0.0170894485416437
"t.7","t.17",0.0494099013676519
"t.7","t.18",0.00655439093436503
"t.7","t.19",0.0047914969473358
"t.7","t.20",0.0135178821575891
"t.7","t.21",0.00281897190113486
"t.7","t.22",0.0136696689414058
"t.7","t.23",0.021276323264126
"t.7","t.24",0.00306350815302327
"t.7","t.25",0.00337912059333532
"t.7","t.27",0.00859355298032053
"t.7","t.29",0.0109138373781346
"t.7","t.31",0.00226137594959044
"t.7","t.33",0.00258252687230599
"t.7","t.34",0.0119446682918143
"t.7","t.35",0.0273376549113319
"t.7","t.36",0.0217655258301782
"t.7","t.37",0.0208895241529235
"t.7","t.39",0.0270009362009036
"t.7","t.41",0.0131489532213433
"t.7","t.42",0.0112423099398443
"t.7","t.43",0.00926289134258434
"t.7","t.44",0.0162998357453782
"t.7","t.45",0.00912905726237478
"t.7","t.47",0.000338490743001806
"t.7","t.48",0.00265399955906132
"t.7","t.49",0.00579956261467147
"t.7","t.50",0.0163172455313987
"t.7","t.52",0.00331703650295049
"t.7","t.53",0.00873084421498018
"t.7","t.54",0.0026693734614242
"t.7","t.56",0.0035265435403573
"t.7","t.57",0.0479841429355307
"t.7","t.58",0.00994725494451123
"t.7","t.59",0.0165515966332855
"t.7","t.60",0.0146106196234622
"t.7","t.61",0.00250387858373107
"t.7","t.62",0.000246265382186791
"t.7","t.63",0.00321350398537113
"t.7","t.64",0.0135139921844765
"t.7","t.65",0.000327105394604739
"t.7","t.66",0.0166956214236498
"t.7","t.67",0.019277142877612
"t.7","t.68",0.0195666637846614
"t.7","t.69",0.00148481008692661
"t.7","t.70",0.000369383227295968
"t.7","t.71",0.00305063541299656
"t.7","t.72",0.00578339095589684
"t.7","t.73",0.117925572318287
"t.7","t.74",0.0189767863166326
"t.7","t.75",0.0726500343777969
"t.7","t.76",0.00404250390497275
"t.7","t.77",0.00731310664309209
"t.7","t.78",0.0106403970122869
"t.7","t.79",0.000641787219181712
"t.7","t.80",0.0123305947937071
"t.8","t.9",0.0196466510345911
"t.8","t.10",0.00039428216305688
"t.8","t.11",0.000745483259145149
"t.8","t.12",0.0043578281144889
"t.8","t.13",0.00596206099394907
"t.8","t.14",0.0317862177453854
"t.8","t.15",0.0198683104979248
"t.8","t.16",0.00730933355216687
"t.8","t.17",0.235339716336681
"t.8","t.18",0.00134708891156409
"t.8","t.19",0.000361557745046017
"t.8","t.20",0.00321536873831029
"t.8","t.21",0.00726936962959324
"t.8","t.22",0.0145491537429126
"t.8","t.23",0.0220513677213512
"t.8","t.24",0.00714432218092213
"t.8","t.25",0.00870203504123466
"t.8","t.26",0.0167328546743385
"t.8","t.28",0.00364699385129114
"t.8","t.29",0.00342783805940011
"t.8","t.30",0.00614369598983843
"t.8","t.31",0.00156706158552815
"t.8","t.32",0.00150530404719345
"t.8","t.33",0.00652969210358326
"t.8","t.34",0.0314329664861445
"t.8","t.35",0.00998831340235555
"t.8","t.36",0.0738090581996053
"t.8","t.37",0.0279749562821557
"t.8","t.39",0.023943760902611
"t.8","t.40",0.0338294441302585
"t.8","t.41",0.00790796393060298
"t.8","t.42",0.00187149917394776
"t.8","t.43",0.0134112506618136
"t.8","t.45",0.0154413069477553
"t.8","t.46",0.00547154371666286
"t.8","t.47",0.0858327876618335
"t.8","t.48",0.0882122649964635
"t.8","t.50",0.00857725319270363
"t.8","t.51",0.0153133227843609
"t.8","t.52",0.00329600405494708
"t.8","t.53",0.00486237191689536
"t.8","t.54",0.0174054599531318
"t.8","t.55",0.00473110168462494
"t.8","t.56",0.000828996868566459
"t.8","t.57",0.0389574114659154
"t.8","t.58",0.0439756170091908
"t.8","t.59",0.0015736107673
"t.8","t.60",0.0232370825081027
"t.8","t.61",0.0190371911803666
"t.8","t.63",0.0667974985313418
"t.8","t.64",0.0914514812612742
"t.8","t.65",0.0035930669032981
"t.8","t.67",0.0487869047587986
"t.8","t.68",0.0742709928686945
"t.8","t.69",0.0318392531735862
"t.8","t.70",0.000278001740612915
"t.8","t.72",0.00726171542263543
"t.8","t.73",0.0559712129659093
"t.8","t.74",0.0208349331123187
"t.8","t.75",0.0180094046284277
"t.8","t.76",0.0116650599586284
"t.8","t.77",0.0368273629336528
"t.8","t.78",0.00847318978925037
"t.8","t.79",0.00796542273876526
"t.8","t.80",0.0171567417179428
"t.9","t.10",0.00616226621121908
"t.9","t.11",0.00476919910256763
"t.9","t.12",0.0210018423235258
"t.9","t.13",0.0042671584547188
"t.9","t.14",0.0128837660817359
"t.9","t.15",0.274966258469875
"t.9","t.16",0.00853385284133107
"t.9","t.17",0.145149157073532
"t.9","t.18",0.00837166633599724
"t.9","t.20",0.00413272848628791
"t.9","t.21",0.00402278162526168
"t.9","t.22",0.0579408969932904
"t.9","t.23",0.0335948707838753
"t.9","t.24",0.00516663280544074
"t.9","t.25",0.0130303452422307
"t.9","t.28",0.00506558021377959
"t.9","t.29",0.0161033545177402
"t.9","t.30",0.0208863413061428
"t.9","t.31",0.0901971366216947
"t.9","t.32",0.00286495264298055
"t.9","t.33",0.00739989080918698
"t.9","t.34",0.0776683328180796
"t.9","t.35",0.000449131842899562
"t.9","t.36",0.00509495030525869
"t.9","t.37",0.00341493805279498
"t.9","t.38",0.000492506140297771
"t.9","t.39",0.026356454937283
"t.9","t.40",0.144983779037986
"t.9","t.41",0.0632274825153407
"t.9","t.42",0.029236797001411
"t.9","t.43",0.0344734076019156
"t.9","t.45",0.0170434531986344
"t.9","t.46",0.000738746898408753
"t.9","t.47",0.0131078832521876
"t.9","t.48",0.000769413966711555
"t.9","t.49",0.0569282432917514
"t.9","t.50",0.000922058581840238
"t.9","t.51",0.00266129099714315
"t.9","t.52",0.00898974547712942
"t.9","t.53",0.00742256311295869
"t.9","t.54",0.0221678049137157
"t.9","t.55",0.00373329124909865
"t.9","t.56",0.000658955190007413
"t.9","t.57",0.0520357022661939
"t.9","t.58",0.0566241585343093
"t.9","t.59",0.0020713783127695
"t.9","t.60",0.00104668704732424
"t.9","t.61",0.0269210638348894
"t.9","t.62",0.000444329121513649
"t.9","t.63",0.00764892708198345
"t.9","t.64",0.00253453990249343
"t.9","t.65",0.00253900970346105
"t.9","t.66",0.00528960819063011
"t.9","t.67",0.0320912124176754
"t.9","t.68",0.0218605525336491
"t.9","t.69",0.0286505636233815
"t.9","t.72",0.00212381616791343
"t.9","t.73",0.250006826266462
"t.9","t.74",0.00984207711434192
"t.9","t.75",0.00611829713324761
"t.9","t.76",0.00967730023359956
"t.9","t.77",0.020388596873645
"t.9","t.78",0.0755372955405762
"t.9","t.79",0.00330159537518101
"t.9","t.80",0.000582304846874467
"t.10","t.12",0.00246007223888772
"t.10","t.13",0.00188650478223778
"t.10","t.14",0.0206241648699338
"t.10","t.15",0.143881998203914
"t.10","t.16",0.00582845857369359
"t.10","t.17",0.0555377682769153
"t.10","t.18",0.00309236838405534
"t.10","t.19",0.000531968382131629
"t.10","t.20",0.0018833768148942
"t.10","t.21",0.00121828634297832
"t.10","t.22",0.00567922208561935
"t.10","t.23",0.00581288625588958
"t.10","t.24",0.0159910888969798
"t.10","t.26",0.000527152438993616
"t.10","t.27",0.0123725887988669
"t.10","t.29",0.00137910484406976
"t.10","t.30",0.000882440341939267
"t.10","t.31",0.00310511725221736
"t.10","t.32",0.000293248166897626
"t.10","t.33",0.000197150938089688
"t.10","t.34",0.0129627608575908
"t.10","t.35",0.00074442815865071
"t.10","t.36",0.0234450468592546
"t.10","t.38",0.00498529503314253
"t.10","t.39",0.00181989456512538
"t.10","t.40",0.00162632539281154
"t.10","t.41",0.012633621076451
"t.10","t.42",0.00209120369085936
"t.10","t.43",0.00688606688845584
"t.10","t.44",0.0117222817408495
"t.10","t.45",0.00543146228048227
"t.10","t.46",0.0207244119798779
"t.10","t.47",0.00327822827671894
"t.10","t.48",0.000338485491053517
"t.10","t.49",0.00569918578837668
"t.10","t.50",0.0410730853920756
"t.10","t.52",0.0121071123229563
"t.10","t.53",0.0222383592600852
"t.10","t.55",0.000604025938374089
"t.10","t.57",0.139254198104991
"t.10","t.58",0.0116522646856599
"t.10","t.59",0.00951685838898217
"t.10","t.61",0.0315463191677668
"t.10","t.62",0.00267227615312274
"t.10","t.63",0.00867270073073583
"t.10","t.64",0.00434124565820584
"t.10","t.65",0.000246255243349225
"t.10","t.67",0.0230736430408416
"t.10","t.68",0.0158653720158451
"t.10","t.69",0.0142600553580866
"t.10","t.70",0.00350898367928909
"t.10","t.71",0.00577335873576126
"t.10","t.73",0.135925267791954
"t.10","t.74",0.00168424625957466
"t.10","t.75",0.0970916561723966
"t.10","t.77",0.00298863057413616
"t.10","t.78",0.055768894962424
"t.10","t.79",0.00355122405939133
"t.11","t.12",0.0124890421720704
"t.11","t.14",0.0290829953149222
"t.11","t.15",0.00345759830450053
"t.11","t.17",0.00654915241452548
"t.11","t.20",0.0249412131272853
"t.11","t.22",0.000394294613777669
"t.11","t.23",0.00276912470928233
"t.11","t.24",0.000567092625194354
"t.11","t.25",0.00489959105728774
"t.11","t.26",0.00691647437719047
"t.11","t.30",0.00756106142783235
"t.11","t.31",0.000410462960904652
"t.11","t.33",0.00147385393004287
"t.11","t.35",0.00379399762265541
"t.11","t.36",0.00609709581971439
"t.11","t.37",0.00455380609624148
"t.11","t.38",0.00313078820474393
"t.11","t.39",0.0380252770673648
"t.11","t.40",0.00381258044694604
"t.11","t.41",0.0284076661503998
"t.11","t.42",0.125367037170197
"t.11","t.43",0.00205899446213895
"t.11","t.45",0.000788549802036515
"t.11","t.46",0.00147741992951439
"t.11","t.47",0.00109722465895333
"t.11","t.48",0.000753430002874038
"t.11","t.49",0.000972125760609398
"t.11","t.51",0.000493519578711885
"t.11","t.52",0.000400301657731117
"t.11","t.53",0.00177913552741054
"t.11","t.55",0.0030689863245567
"t.11","t.57",0.0167519516049839
"t.11","t.58",0.00731233942407669
"t.11","t.59",0.00135524015961541
"t.11","t.61",0.00638801216726231
"t.11","t.63",0.00209136590903923
"t.11","t.65",0.0123840875290891
"t.11","t.66",0.0328401856474604
"t.11","t.67",0.00943421753643012
"t.11","t.68",0.00188160642882407
"t.11","t.69",0.00171682004086692
"t.11","t.72",0.0119590496624917
"t.11","t.73",0.07478446584306
"t.11","t.75",0.00621544928710358
"t.11","t.76",0.00118587890690025
"t.11","t.77",0.00421097706255552
"t.11","t.78",0.00417633090694215
"t.11","t.80",0.00112937056417276
"t.12","t.13",0.00405700386310454
"t.12","t.14",0.105921226796411
"t.12","t.15",0.0118707622144647
"t.12","t.16",0.00400195278385023
"t.12","t.17",0.0423122538921786
"t.12","t.18",0.00655406147671508
"t.12","t.20",0.00509781009721115
"t.12","t.21",0.00555757553360723
"t.12","t.22",0.0235971423799834
"t.12","t.23",0.032014161855196
"t.12","t.24",0.0132788057246038
"t.12","t.25",0.00792336053444274
"t.12","t.26",0.00114773879086265
"t.12","t.28",0.0316053591150464
"t.12","t.29",0.0056708083150911
"t.12","t.30",0.0308479901058185
"t.12","t.31",0.0249561421163453
"t.12","t.32",0.0261321818104179
"t.12","t.33",0.0134107525973349
"t.12","t.34",0.134402986290922
"t.12","t.35",0.0363185014483303
"t.12","t.36",0.0373001023580346
"t.12","t.37",0.00379600766097393
"t.12","t.38",0.00731963279308084
"t.12","t.39",0.0205998006612072
"t.12","t.40",0.142251741664446
"t.12","t.41",0.0178542025978281
"t.12","t.42",0.0168400571365203
"t.12","t.43",0.0264441746826995
"t.12","t.44",0.00559988851998258
"t.12","t.45",0.00152315319617498
"t.12","t.46",0.00165371687969046
"t.12","t.47",0.000853981068257538
"t.12","t.48",0.00251918296516654
"t.12","t.49",0.00144269837535982
"t.12","t.50",0.0115321190307927
"t.12","t.51",0.0529147498262497
"t.12","t.52",0.0163214663385854
"t.12","t.53",0.0273939521826839
"t.12","t.54",0.022540219961937
"t.12","t.55",0.000823301556439981
"t.12","t.56",0.00182179697875332
"t.12","t.57",0.117975524610375
"t.12","t.58",0.0154616016131308
"t.12","t.59",0.0152296631266845
"t.12","t.60",0.0282612962725721
"t.12","t.61",0.0081193865495526
"t.12","t.63",0.00446156456074477
"t.12","t.64",0.00693471369031222
"t.12","t.65",0.00951198610692241
"t.12","t.66",0.0008608039146385
"t.12","t.67",0.0115576048407096
"t.12","t.68",0.0355770368455469
"t.12","t.69",0.0309453911900078
"t.12","t.70",0.0010662797163878
"t.12","t.71",0.00455519460880025
"t.12","t.72",0.00218019527748873
"t.12","t.73",0.108314506396835
"t.12","t.74",0.0029074225321362
"t.12","t.75",0.0138765790107473
"t.12","t.76",0.00621343073654904
"t.12","t.77",0.00662431799172966
"t.12","t.78",0.00713860618255937
"t.12","t.79",0.00540172254041647
"t.12","t.80",0.00729722607202863
"t.13","t.14",0.0020090789408693
"t.13","t.15",0.00758363002352113
"t.13","t.16",0.00218327220047561
"t.13","t.17",0.0179502628762861
"t.13","t.18",0.000968252236592244
"t.13","t.20",0.000982551921086722
"t.13","t.21",0.00244364372403253
"t.13","t.22",0.00164734954151751
"t.13","t.23",0.00344719908937789
"t.13","t.24",0.00430743325615704
"t.13","t.25",0.00272655196406921
"t.13","t.26",0.00142550265267207
"t.13","t.27",0.0741969297119381
"t.13","t.30",0.000309708237327097
"t.13","t.31",0.000344978933738103
"t.13","t.32",0.00047424115457491
"t.13","t.34",0.00110503800334665
"t.13","t.35",0.000551390825666248
"t.13","t.36",0.0053868274929572
"t.13","t.37",0.000825454205614169
"t.13","t.38",0.00315705318199129
"t.13","t.39",0.000757701898690872
"t.13","t.40",0.00395260275343376
"t.13","t.42",0.0026200838718329
"t.13","t.43",0.00625748266497373
"t.13","t.45",0.0077853264955652
"t.13","t.46",0.000673756039187573
"t.13","t.47",0.000414581278559885
"t.13","t.48",0.00527523818275651
"t.13","t.49",0.00634515313600541
"t.13","t.50",0.00227266860571321
"t.13","t.51",0.00819637398388915
"t.13","t.53",0.00108989423497585
"t.13","t.54",0.000782994620485273
"t.13","t.55",0.00097621870503492
"t.13","t.56",0.0395531775557197
"t.13","t.57",0.00722666446380252
"t.13","t.58",0.00791822714845744
"t.13","t.59",0.000647962819758513
"t.13","t.60",0.000727300198008378
"t.13","t.62",0.0271768165988015
"t.13","t.64",0.00280557758596695
"t.13","t.65",0.00436651321179392
"t.13","t.67",0.00694263544221404
"t.13","t.68",0.00827252716730878
"t.13","t.69",0.0112018011592364
"t.13","t.73",0.00473010407593941
"t.13","t.74",0.00130741852350419
"t.13","t.75",0.00416965507225325
"t.13","t.76",0.00235932376731175
"t.13","t.77",0.000760244378533655
"t.13","t.80",0.00214412993856334
"t.14","t.15",0.0411032464845998
"t.14","t.16",0.00786020979004153
"t.14","t.17",0.119193871916353
"t.14","t.18",0.0159503907491577
"t.14","t.19",0.00105572683322737
"t.14","t.20",0.0406693628782557
"t.14","t.21",0.119677466971936
"t.14","t.22",0.0754650353078901
"t.14","t.23",0.125033340193573
"t.14","t.24",0.0135663617471699
"t.14","t.25",0.0168855456143333
"t.14","t.26",0.0181929636067665
"t.14","t.27",0.00285466067068317
"t.14","t.28",0.0795096090220938
"t.14","t.29",0.0242896167601718
"t.14","t.30",0.0194116208519909
"t.14","t.31",0.0103986067836588
"t.14","t.32",0.0204973805454885
"t.14","t.33",0.059369455614151
"t.14","t.34",0.132900866360677
"t.14","t.35",0.244506267383128
"t.14","t.36",0.255722133932533
"t.14","t.37",0.0173107624690017
"t.14","t.38",0.0413850641643628
"t.14","t.39",0.0672504211610411
"t.14","t.40",0.0373106808089335
"t.14","t.41",0.111571056348021
"t.14","t.42",0.0166173322250543
"t.14","t.43",0.0506891744394039
"t.14","t.44",0.0244883609066023
"t.14","t.45",0.000656654496081742
"t.14","t.46",0.00554783943244291
"t.14","t.47",0.0192374884068148
"t.14","t.48",0.0033775964527015
"t.14","t.49",0.00871628644431229
"t.14","t.50",0.0120525091974094
"t.14","t.51",0.0395927297285749
"t.14","t.52",0.0444234280997404
"t.14","t.53",0.0551403533554558
"t.14","t.54",0.0133156737810494
"t.14","t.55",0.00389852827009505
"t.14","t.57",0.295437188919887
"t.14","t.58",0.0233681327411265
"t.14","t.59",0.0416095892858579
"t.14","t.60",0.0276663933272552
"t.14","t.61",0.0202425445176599
"t.14","t.63",0.0518459288639418
"t.14","t.64",0.00603206184095906
"t.14","t.65",0.0143924072160304
"t.14","t.66",0.00463060294406878
"t.14","t.67",0.0520712782875979
"t.14","t.68",0.0439386778905012
"t.14","t.69",0.0370290436170414
"t.14","t.70",0.00464469985768793
"t.14","t.71",0.00554787234272984
"t.14","t.72",0.0113453841335813
"t.14","t.73",0.189167767172534
"t.14","t.74",0.0160504398104663
"t.14","t.75",0.158781253326007
"t.14","t.76",0.0366700472347215
"t.14","t.77",0.032428853683322
"t.14","t.78",0.0860781004547284
"t.14","t.79",0.0140206968538069
"t.14","t.80",0.00641693412505852
"t.15","t.16",0.037568196597622
"t.15","t.17",0.304828548261661
"t.15","t.18",0.0451713018381329
"t.15","t.19",0.00949857791516186
"t.15","t.20",0.00296876922318038
"t.15","t.21",0.0135750313514795
"t.15","t.22",0.142743810203343
"t.15","t.23",0.160504154879365
"t.15","t.24",0.0202747226040501
"t.15","t.25",0.00484276296198937
"t.15","t.26",0.0130619852652041
"t.15","t.27",0.015866673161831
"t.15","t.28",0.0417579168731597
"t.15","t.29",0.0455681568313211
"t.15","t.30",0.0283541862545759
"t.15","t.31",0.0283704286590311
"t.15","t.32",0.0227471823335668
"t.15","t.33",0.0539853263544379
"t.15","t.34",0.0577718342928737
"t.15","t.35",0.0168237221656134
"t.15","t.36",0.0713160746014333
"t.15","t.37",0.013642397723289
"t.15","t.38",0.0128504431067995
"t.15","t.39",0.024907737755824
"t.15","t.40",0.015942481111964
"t.15","t.41",0.097088039993626
"t.15","t.42",0.0178748608436322
"t.15","t.43",0.0914151013448292
"t.15","t.44",0.0601156500710471
"t.15","t.45",0.0352070444554154
"t.15","t.46",0.0324724019979463
"t.15","t.47",0.0567910554628905
"t.15","t.48",0.00325302924290749
"t.15","t.49",0.0316288229186272
"t.15","t.50",0.110801272970497
"t.15","t.51",0.00512130514017437
"t.15","t.52",0.268787442957095
"t.15","t.53",0.0220123831773268
"t.15","t.54",0.00227725931756203
"t.15","t.55",0.0292103489478281
"t.15","t.56",0.00474869798470685
"t.15","t.57",0.141363914267349
"t.15","t.58",0.00890990799409908
"t.15","t.59",0.0129952905089013
"t.15","t.60",0.00472161918097872
"t.15","t.61",0.043248967004003
"t.15","t.62",0.00302857815381769
"t.15","t.63",0.0163332349975922
"t.15","t.64",0.0275856443826015
"t.15","t.65",0.128740383504548
"t.15","t.66",0.0012490089444476
"t.15","t.67",0.267984023560416
"t.15","t.68",0.00880822552767994
"t.15","t.69",0.042211395490309
"t.15","t.70",0.0156392042015832
"t.15","t.71",0.0869774908444029
"t.15","t.72",0.00353838942406456
"t.15","t.73",0.131975330643494
"t.15","t.74",0.00919510686021218
"t.15","t.75",0.0503970377880307
"t.15","t.76",0.00971920724495404
"t.15","t.77",0.0794821568171466
"t.15","t.78",0.0687336460880074
"t.15","t.79",0.00853844123765245
"t.15","t.80",0.0128009046874155
"t.16","t.17",0.135491069500678
"t.16","t.18",0.0121384926116856
"t.16","t.19",0.000562067837838034
"t.16","t.20",0.00152005729646437
"t.16","t.21",0.00899200712562015
"t.16","t.22",0.00103781939282706
"t.16","t.23",0.0467122112538046
"t.16","t.24",0.00765407172419057
"t.16","t.25",0.00483678026787724
"t.16","t.26",0.00106750622401457
"t.16","t.27",0.0166630167407553
"t.16","t.28",0.00192122960986419
"t.16","t.29",0.00354583167012973
"t.16","t.30",0.00067612912461984
"t.16","t.31",0.0195701490212549
"t.16","t.32",0.00488772196415927
"t.16","t.33",0.0270097384067772
"t.16","t.34",0.0295171628941557
"t.16","t.35",0.012225894332049
"t.16","t.36",0.0026141804259913
"t.16","t.37",0.000592918993957679
"t.16","t.38",0.00986419001455962
"t.16","t.39",0.00314679429176039
"t.16","t.40",0.00731178248305119
"t.16","t.41",0.0119109614565439
"t.16","t.42",0.0337725230275539
"t.16","t.43",0.0149070637205866
"t.16","t.44",0.00971926811434513
"t.16","t.46",0.00774540814532848
"t.16","t.47",0.00832630036362698
"t.16","t.48",0.000397125204109314
"t.16","t.49",0.0413554998442032
"t.16","t.50",0.00981394691246582
"t.16","t.51",0.00222783717680505
"t.16","t.52",0.00048412323687982
"t.16","t.53",0.00973611805633602
"t.16","t.54",0.00361923691382009
"t.16","t.55",0.00380024787598233
"t.16","t.56",0.0111994321144126
"t.16","t.57",0.0839573582054694
"t.16","t.58",0.0171796939981999
"t.16","t.59",0.0124495013863228
"t.16","t.60",0.00676639512100631
"t.16","t.61",0.0130976891238047
"t.16","t.62",0.000871777736970262
"t.16","t.63",0.013998442670985
"t.16","t.64",0.0053384167227974
"t.16","t.65",0.0261373191311458
"t.16","t.66",0.000720171075577293
"t.16","t.67",0.0410374353695169
"t.16","t.68",0.0491809690440605
"t.16","t.69",0.018685585992066
"t.16","t.71",0.0278120953800246
"t.16","t.72",0.00584005956633295
"t.16","t.73",0.121033513527547
"t.16","t.74",0.00456833291657815
"t.16","t.75",0.101971483072658
"t.16","t.77",0.0147731255730381
"t.16","t.78",0.0262654595941998
"t.16","t.79",0.0141521045750609
"t.16","t.80",0.00341585494462482
"t.17","t.18",0.0851668078689373
"t.17","t.19",0.0101009040050664
"t.17","t.20",0.00692609967805627
"t.17","t.21",0.05596533850641
"t.17","t.22",0.177440819946129
"t.17","t.23",0.471738159190952
"t.17","t.24",0.035986523213093
"t.17","t.25",0.0498670738259962
"t.17","t.26",0.0589638976821865
"t.17","t.27",0.0601470424836001
"t.17","t.28",0.0907623388909816
"t.17","t.29",0.116769089255034
"t.17","t.30",0.0486193528398986
"t.17","t.31",0.0644659568122939
"t.17","t.32",0.0678588840689013
"t.17","t.33",0.0650962685208799
"t.17","t.34",0.0351117922803307
"t.17","t.35",0.0774283715742585
"t.17","t.36",0.315930454379321
"t.17","t.37",0.0371325581361147
"t.17","t.38",0.0263468187924072
"t.17","t.39",0.0224486737754304
"t.17","t.40",0.0620565206237853
"t.17","t.41",0.0611262922125939
"t.17","t.42",0.0200228738341274
"t.17","t.43",0.254758278621844
"t.17","t.44",0.13777843889699
"t.17","t.45",0.0533394836981649
"t.17","t.46",0.0195023180915439
"t.17","t.47",0.154777567409765
"t.17","t.48",0.0507435205784466
"t.17","t.49",0.0978538278396411
"t.17","t.50",0.110952031661667
"t.17","t.51",0.0612541807855146
"t.17","t.52",0.145465331307722
"t.17","t.53",0.0977657349831641
"t.17","t.54",0.0689958735362794
"t.17","t.55",0.186020320197119
"t.17","t.56",0.0062978777825086
"t.17","t.57",0.205891956285879
"t.17","t.58",0.200318305275488
"t.17","t.59",0.0715855935905648
"t.17","t.60",0.0306232792246903
"t.17","t.61",0.14988688634109
"t.17","t.62",0.00412682985408961
"t.17","t.63",0.0719169422532862
"t.17","t.64",0.09666423265201
"t.17","t.65",0.0305037679204926
"t.17","t.66",0.000628596344288616
"t.17","t.67",0.714193067093414
"t.17","t.68",0.0922307269120969
"t.17","t.69",0.277623456894198
"t.17","t.70",0.035647140859935
"t.17","t.71",0.107532642142973
"t.17","t.72",0.00504114541749968
"t.17","t.73",0.114402453621138
"t.17","t.74",0.0287662252782293
"t.17","t.75",0.0867867151735475
"t.17","t.76",0.0575892034988746
"t.17","t.77",0.376122702193274
"t.17","t.78",0.172438959783033
"t.17","t.79",0.0983878328136157
"t.17","t.80",0.10467927559604
"t.18","t.22",0.0532890597103034
"t.18","t.23",0.0921568085349501
"t.18","t.24",0.00141393363404121
"t.18","t.27",0.00323058500615781
"t.18","t.29",0.00945006461747153
"t.18","t.30",0.000667178046898499
"t.18","t.31",0.136239557682918
"t.18","t.32",0.00240749207549114
"t.18","t.33",0.0118696769825512
"t.18","t.34",0.0593978224897716
"t.18","t.35",0.00228284166489605
"t.18","t.36",0.00773612851163441
"t.18","t.37",0.00235510263403831
"t.18","t.39",0.0260456374646583
"t.18","t.40",0.16463924873314
"t.18","t.41",0.00656716660408545
"t.18","t.43",0.0306556249755333
"t.18","t.44",0.000580951342003297
"t.18","t.45",0.000796127025913688
"t.18","t.46",0.00322174244955316
"t.18","t.47",0.00167705609810035
"t.18","t.48",0.000236872743681338
"t.18","t.49",0.0256869371296509
"t.18","t.50",0.010975264010687
"t.18","t.51",0.0105394860242061
"t.18","t.52",0.00510452608477787
"t.18","t.53",0.0234025060603992
"t.18","t.54",0.00437150463925705
"t.18","t.55",0.00177702008637208
"t.18","t.57",0.00889632155601884
"t.18","t.58",0.0724972610196759
"t.18","t.61",0.00361462851222069
"t.18","t.62",0.000246265382186791
"t.18","t.63",0.000596689802849241
"t.18","t.67",0.0319693858989069
"t.18","t.68",0.0015882341109319
"t.18","t.69",0.164208604021264
"t.18","t.70",0.000540984953812362
"t.18","t.72",0.00068663418888017
"t.18","t.73",0.0134789918098506
"t.18","t.74",0.00275509489980072
"t.18","t.75",0.00314041703911482
"t.18","t.76",0.00545169073721909
"t.18","t.77",0.00218118687779017
"t.18","t.78",0.0482066202287802
"t.18","t.79",0.00935537042235814
"t.18","t.80",0.000857367448598545
"t.19","t.23",0.00334176661173385
"t.19","t.24",0.000846311906375211
"t.19","t.27",0.00368655525792626
"t.19","t.29",0.00215961437975167
"t.19","t.32",0.00197945013594134
"t.19","t.34",0.000684255966984871
"t.19","t.35",0.00267890653020829
"t.19","t.36",0.00420997834892345
"t.19","t.40",0.000708693592814238
"t.19","t.41",0.0120299437101132
"t.19","t.46",0.358320363477289
"t.19","t.49",0.00561237330970032
"t.19","t.50",0.000484125542203868
"t.19","t.54",0.000984338764962965
"t.19","t.56",0.000523224048611141
"t.19","t.57",0.00776610461543673
"t.19","t.59",0.00213873603280084
"t.19","t.60",0.00193646586030752
"t.19","t.63",0.00624703657990645
"t.19","t.66",0.000918716618113081
"t.19","t.67",0.0152756392490803
"t.19","t.68",0.0138201165771283
"t.19","t.69",0.00111087953886911
"t.19","t.73",0.0146013145490273
"t.19","t.75",0.00141170147785541
"t.19","t.77",0.00613570520600394
"t.19","t.78",0.0260762256793093
"t.19","t.80",0.00261853226386542
"t.20","t.21",0.00250499793912751
"t.20","t.23",0.0129891687657266
"t.20","t.24",0.0047089644439364
"t.20","t.25",0.00844097217438053
"t.20","t.28",0.00317409639466349
"t.20","t.30",0.00550893869615249
"t.20","t.32",0.00725039094072255
"t.20","t.33",0.0027733729087321
"t.20","t.34",0.0170240133846174
"t.20","t.35",0.0220560745181004
"t.20","t.36",0.00888992629455612
"t.20","t.37",0.00202849574028891
"t.20","t.38",0.000492506140297771
"t.20","t.39",0.0170323281222807
"t.20","t.40",0.00190849457416624
"t.20","t.41",0.00541878816471857
"t.20","t.42",0.0268818889389503
"t.20","t.43",0.00765453715075276
"t.20","t.44",0.00683160677004888
"t.20","t.45",0.0034776720631631
"t.20","t.46",0.00205663165685217
"t.20","t.47",0.000496244700612279
"t.20","t.50",0.00686835428902316
"t.20","t.52",0.00193646413183865
"t.20","t.53",0.000919470575110458
"t.20","t.55",0.0196647118641668
"t.20","t.56",0.000857189752489736
"t.20","t.57",0.0118212270146398
"t.20","t.58",0.00185008563830658
"t.20","t.59",0.0113333540928754
"t.20","t.60",0.00766603693376586
"t.20","t.61",0.000363102369112534
"t.20","t.62",0.000790559818466126
"t.20","t.63",0.0143638067878561
"t.20","t.64",0.011894407156052
"t.20","t.65",0.00199137168093178
"t.20","t.66",0.00156899615714941
"t.20","t.67",0.00141898801828511
"t.20","t.68",0.0127652369139727
"t.20","t.69",0.00265897185332738
"t.20","t.70",0.010716166538248
"t.20","t.72",0.107612783534498
"t.20","t.73",0.0491813459898225
"t.20","t.75",0.0305255477257839
"t.20","t.76",0.00713257659090948
"t.20","t.77",0.00217034553548493
"t.20","t.78",0.0111984484379682
"t.20","t.79",0.000435703962819349
"t.21","t.22",0.00658549323119654
"t.21","t.23",0.0038368779717127
"t.21","t.24",0.0119456776374425
"t.21","t.25",0.0259684208249983
"t.21","t.26",0.00322171974014054
"t.21","t.27",0.0025134585619948
"t.21","t.28",0.0108852149489262
"t.21","t.29",0.00438481564598113
"t.21","t.30",0.00070503268212748
"t.21","t.31",0.00577871638307635
"t.21","t.32",0.00614876373488533
"t.21","t.33",0.00283093168792181
"t.21","t.34",0.0121147404989715
"t.21","t.35",0.0012728705030211
"t.21","t.36",0.0355063429623654
"t.21","t.37",0.021667276376169
"t.21","t.38",0.00913057742103891
"t.21","t.39",0.012517689737208
"t.21","t.40",0.0140478879890843
"t.21","t.41",0.0250230407693039
"t.21","t.43",0.00723696729865914
"t.21","t.44",0.00920939778704622
"t.21","t.45",0.0341719078926287
"t.21","t.46",0.00145657579353815
"t.21","t.47",0.00841327303433897
"t.21","t.48",0.0838080896505611
"t.21","t.49",0.00382257201644894
"t.21","t.50",0.00731599835687999
"t.21","t.51",0.0197820788475746
"t.21","t.52",0.0131373738935951
"t.21","t.53",0.00317709907477985
"t.21","t.54",0.00657701988421475
"t.21","t.56",0.0052494778754518
"t.21","t.57",0.0999444950751892
"t.21","t.58",0.0277049372479788
"t.21","t.59",0.0214150627035252
"t.21","t.60",0.00887540332949556
"t.21","t.61",0.00847722827544612
"t.21","t.62",0.00776498116906874
"t.21","t.63",0.0282744105498118
"t.21","t.64",0.0503806191342671
"t.21","t.65",0.0148958002417749
"t.21","t.67",0.0104679838194308
"t.21","t.68",0.0709805042808376
"t.21","t.69",0.00880382369447542
"t.21","t.70",0.00131828178012976
"t.21","t.73",0.0784080746772218
"t.21","t.74",0.000956131092924505
"t.21","t.75",0.004187215838776
"t.21","t.76",0.000623809137142001
"t.21","t.77",0.0387689898890656
"t.21","t.78",0.0121455292699209
"t.21","t.79",0.00358121723291143
"t.21","t.80",0.00549783375710722
"t.22","t.23",0.302739902863383
"t.22","t.24",0.0123803608319183
"t.22","t.25",0.00180382035936994
"t.22","t.26",0.0031806201501954
"t.22","t.28",0.018551384054838
"t.22","t.29",0.0657759416357515
"t.22","t.30",0.00576938345850408
"t.22","t.31",0.157201555536404
"t.22","t.32",0.00523349293895183
"t.22","t.33",0.0701591842218909
"t.22","t.34",0.394846993761421
"t.22","t.35",0.00667766197239418
"t.22","t.36",0.055657946562388
"t.22","t.37",0.0140574156728012
"t.22","t.38",0.00169923264565614
"t.22","t.39",0.0334791526635991
"t.22","t.40",0.149778424163795
"t.22","t.41",0.00919478067899362
"t.22","t.42",0.00660402320380161
"t.22","t.43",0.0227826656227761
"t.22","t.44",0.00292357433788732
"t.22","t.45",0.00282121297112906
"t.22","t.47",0.0550515611554872
"t.22","t.48",0.000623809137142001
"t.22","t.49",0.040245878790749
"t.22","t.50",0.0269778203305035
"t.22","t.51",0.0112681516884646
"t.22","t.52",0.0374517989449429
"t.22","t.53",0.145118442449837
"t.22","t.54",0.029943508283171
"t.22","t.55",0.0140638417395781
"t.22","t.56",0.000878599598529602
"t.22","t.57",0.0308366753823423
"t.22","t.58",0.156014794708008
"t.22","t.59",0.00230195765550669
"t.22","t.60",0.00737909587669817
"t.22","t.61",0.0103302148284788
"t.22","t.62",0.00266586365235535
"t.22","t.64",0.00637627025358676
"t.22","t.65",0.00654616855757866
"t.22","t.67",0.093299572520559
"t.22","t.68",0.0155895208172023
"t.22","t.69",0.350131056747163
"t.22","t.70",0.00836224966741928
"t.22","t.71",0.00857864375135878
"t.22","t.72",0.000865525783354497
"t.22","t.73",0.0392567774901302
"t.22","t.74",0.0160262008522838
"t.22","t.75",0.0135671540585669
"t.22","t.76",0.0271218429433703
"t.22","t.77",0.0175863676807832
"t.22","t.78",0.0196915721779999
"t.22","t.79",0.0833939103384594
"t.22","t.80",0.01332200603173
"t.23","t.24",0.025829026981286
"t.23","t.25",0.0250606664414302
"t.23","t.26",0.00243587661258715
"t.23","t.27",0.0137370781024247
"t.23","t.28",0.0161772261997051
"t.23","t.29",0.0463567238995958
"t.23","t.30",0.0070662095092574
"t.23","t.31",0.0533439511481468
"t.23","t.32",0.0430016763958582
"t.23","t.33",0.076424940807733
"t.23","t.34",0.495503221031653
"t.23","t.35",0.0479449392024184
"t.23","t.36",0.0612215319770888
"t.23","t.37",0.0146950155440506
"t.23","t.38",0.00442078379406183
"t.23","t.39",0.0344472683955506
"t.23","t.40",0.057909041305129
"t.23","t.41",0.0247260137364946
"t.23","t.42",0.00717524948896635
"t.23","t.43",0.121403549527134
"t.23","t.44",0.00222441153078507
"t.23","t.45",0.00452359980685204
"t.23","t.46",0.0314897533195887
"t.23","t.47",0.126650167902158
"t.23","t.48",0.00312840449042302
"t.23","t.49",0.0780464658905667
"t.23","t.50",0.116677252601058
"t.23","t.51",0.0398795121971582
"t.23","t.52",0.0543888825805356
"t.23","t.53",0.0376886872384616
"t.23","t.54",0.0113330224654222
"t.23","t.55",0.0378499176705252
"t.23","t.56",0.00564208974136513
"t.23","t.57",0.0588972611314111
"t.23","t.58",0.0807873325751011
"t.23","t.59",0.0115469995470397
"t.23","t.60",0.0206303589792648
"t.23","t.61",0.00428080822044977
"t.23","t.62",0.00274264697185552
"t.23","t.63",0.0249089729738481
"t.23","t.64",0.0368800095147744
"t.23","t.65",0.0213005649277285
"t.23","t.66",0.00132030863741203
"t.23","t.67",0.272644586009002
"t.23","t.68",0.0911811958209854
"t.23","t.69",0.486778900737044
"t.23","t.70",0.0151908551262205
"t.23","t.71",0.00420731835265937
"t.23","t.72",0.00416306829469256
"t.23","t.73",0.266913890958291
"t.23","t.74",0.00592638101946611
"t.23","t.75",0.0975105470226758
"t.23","t.76",0.0100936385780414
"t.23","t.77",0.0478272781061721
"t.23","t.78",0.0569789700574639
"t.23","t.79",0.0987669764051941
"t.23","t.80",0.0833342015487714
"t.24","t.25",0.0444177838364621
"t.24","t.26",0.000197157163761336
"t.24","t.27",0.00195487459469921
"t.24","t.28",0.00232210740526486
"t.24","t.29",0.00773135939017346
"t.24","t.30",0.00597817849457146
"t.24","t.32",0.0130780217113312
"t.24","t.33",0.00494427857616819
"t.24","t.34",0.0604003993842341
"t.24","t.35",0.0117516073661965
"t.24","t.36",0.0169031281293394
"t.24","t.37",0.00350474104619614
"t.24","t.38",0.0196709208918205
"t.24","t.39",0.0082782166906161
"t.24","t.40",0.0457199533606096
"t.24","t.41",0.0199635207462854
"t.24","t.43",0.0424560125028578
"t.24","t.44",0.0156456241116361
"t.24","t.45",0.00705546087048907
"t.24","t.46",0.00705625045126789
"t.24","t.47",0.00467097456757468
"t.24","t.48",0.00258879044464187
"t.24","t.49",0.00606238008708034
"t.24","t.50",0.0275337998697171
"t.24","t.51",0.0388176672501478
"t.24","t.52",0.0144885055314285
"t.24","t.53",0.0518832279717876
"t.24","t.54",0.0152127495567907
"t.24","t.55",0.00134177101205518
"t.24","t.56",0.0202131176326433
"t.24","t.57",0.0933431069492726
"t.24","t.58",0.0320099986804907
"t.24","t.59",0.00817073170547017
"t.24","t.60",0.00871986340700385
"t.24","t.61",0.0264151868614555
"t.24","t.62",0.00666419684165804
"t.24","t.63",0.00587701896794049
"t.24","t.64",0.00158861415706497
"t.24","t.65",0.0225036947395293
"t.24","t.67",0.0149447877165185
"t.24","t.68",0.1221374688481
"t.24","t.69",0.0325494374420751
"t.24","t.71",0.00240759100714929
"t.24","t.73",0.125890548472632
"t.24","t.75",0.0059494835361134
"t.24","t.76",0.00854360731026232
"t.24","t.77",0.0143814116798934
"t.24","t.78",0.0753732341613291
"t.24","t.79",0.00834683844356269
"t.24","t.80",0.00805287688335229
"t.25","t.26",0.0079676678273996
"t.25","t.27",0.00185561496319801
"t.25","t.28",0.00735336312655533
"t.25","t.29",0.00182185390898379
"t.25","t.30",0.00428348013875249
"t.25","t.31",0.00433404270715446
"t.25","t.32",0.00601950705539236
"t.25","t.33",0.00295183827348263
"t.25","t.34",0.0535533219871485
"t.25","t.35",0.0215403897611958
"t.25","t.36",0.0505321744098448
"t.25","t.37",0.00943486933385635
"t.25","t.38",0.0212329553844214
"t.25","t.39",0.0140500471855048
"t.25","t.40",0.0240842712890817
"t.25","t.41",0.0216997707614345
"t.25","t.42",0.00924145871949039
"t.25","t.43",0.00683257499544966
"t.25","t.44",0.00173949226651124
"t.25","t.45",0.00215767784834639
"t.25","t.46",0.00420209195413932
"t.25","t.47",0.0155753719553865
"t.25","t.48",0.0130796505206869
"t.25","t.49",0.00265806032168453
"t.25","t.50",0.00385154772832596
"t.25","t.51",0.0290850798009495
"t.25","t.52",0.00484976195758299
"t.25","t.53",0.00591080239223838
"t.25","t.54",0.00715144849296464
"t.25","t.55",0.00291236293681894
"t.25","t.56",0.00822320284008341
"t.25","t.57",0.123684651799163
"t.25","t.58",0.0141551875829592
"t.25","t.59",0.0476362403482841
"t.25","t.60",0.00536557301655354
"t.25","t.61",0.0383011310011571
"t.25","t.62",0.00129042432636201
"t.25","t.63",0.0183404209079425
"t.25","t.64",0.00858658990905227
"t.25","t.65",0.03601981925741
"t.25","t.66",0.00183590379529251
"t.25","t.67",0.0178218979561412
"t.25","t.68",0.0318751516334959
"t.25","t.69",0.0156545284023513
"t.25","t.71",0.00399619043811345
"t.25","t.72",0.00180930852602678
"t.25","t.73",0.127270724974607
"t.25","t.74",0.00709517934443661
"t.25","t.75",0.0317191083448771
"t.25","t.76",0.000592941306380128
"t.25","t.77",0.0147921832804812
"t.25","t.78",0.0069521375646868
"t.25","t.79",0.00580206345217979
"t.25","t.80",0.00314507734360205
"t.26","t.27",0.0232125231023196
"t.26","t.28",0.00396056448574284
"t.26","t.29",0.0015685982917147
"t.26","t.31",0.00155198200650363
"t.26","t.32",0.000774397312702232
"t.26","t.33",0.00118003699057108
"t.26","t.34",0.00110588083639244
"t.26","t.35",0.0146670228866879
"t.26","t.36",0.0224398994110091
"t.26","t.37",0.00582611230789786
"t.26","t.38",0.00513005894450039
"t.26","t.39",0.00176439196292578
"t.26","t.40",0.00436443169078314
"t.26","t.42",0.00055598263238145
"t.26","t.43",0.00287927213672865
"t.26","t.44",0.011790505887286
"t.26","t.45",0.00281677304908633
"t.26","t.46",0.00222389717168133
"t.26","t.47",0.0317015102539767
"t.26","t.48",0.00226007243024445
"t.26","t.49",0.00177911773663346
"t.26","t.50",0.0025869608097686
"t.26","t.51",0.00121181847803781
"t.26","t.52",0.00368459200189872
"t.26","t.53",0.00078913234089073
"t.26","t.54",0.00108677723589197
"t.26","t.55",0.000394294613777669
"t.26","t.57",0.00303984911741986
"t.26","t.58",0.000367496328113955
"t.26","t.59",0.00169517294472445
"t.26","t.61",0.0123844717165482
"t.26","t.63",0.00216731751075998
"t.26","t.64",0.00378874868809503
"t.26","t.65",0.00271561259081382
"t.26","t.67",0.0123531891409796
"t.26","t.68",0.0224821177170611
"t.26","t.69",0.00286039379560772
"t.26","t.70",0.000833982056282433
"t.26","t.71",0.0175691626909273
"t.26","t.73",0.0384021481935646
"t.26","t.74",0.00331131935115627
"t.26","t.75",0.00758081242451815
"t.26","t.77",0.0120551960800215
"t.26","t.78",0.00263932012459724
"t.26","t.79",0.000459656581603818
"t.26","t.80",0.00204236443296
"t.27","t.29",0.00388290233396707
"t.27","t.31",0.000356921936101839
"t.27","t.32",0.00112459900532085
"t.27","t.33",0.000811715293112958
"t.27","t.34",0.000823058360157328
"t.27","t.36",0.00190602418685999
"t.27","t.37",0.00698767955075076
"t.27","t.38",0.00124870821782995
"t.27","t.40",0.000851117738428979
"t.27","t.41",0.008009491318624
"t.27","t.43",0.00263180870347451
"t.27","t.46",0.00858986719486455
"t.27","t.47",0.00399734214587043
"t.27","t.49",0.00305990653322619
"t.27","t.50",0.00384290112632217
"t.27","t.51",0.00358692001634667
"t.27","t.52",0.00210545748980387
"t.27","t.53",0.00152894702610676
"t.27","t.55",0.000783188428611618
"t.27","t.56",0.0674169609528898
"t.27","t.57",0.0290179817952263
"t.27","t.58",0.00324222177191117
"t.27","t.59",0.000836940169671952
"t.27","t.62",0.106665398287459
"t.27","t.63",0.0174535253972335
"t.27","t.67",0.0447978492152299
"t.27","t.68",0.0565536472770023
"t.27","t.69",0.00750763214695968
"t.27","t.71",0.00842331801161428
"t.27","t.73",0.139743038296248
"t.27","t.75",0.0496207500628216
"t.27","t.80",0.00119737167424458
"t.28","t.29",0.00584888714090596
"t.28","t.30",0.0102547187707102
"t.28","t.31",0.0102766721343745
"t.28","t.32",0.00507599317913097
"t.28","t.33",0.000410415910120178
"t.28","t.34",0.115580507860988
"t.28","t.35",0.0723893375411791
"t.28","t.36",0.0498658935394018
"t.28","t.38",0.00186119137217542
"t.28","t.39",0.00337773323158584
"t.28","t.40",0.0447024064583105
"t.28","t.41",0.0124445523818733
"t.28","t.43",0.004358933443203
"t.28","t.44",0.00225921218671691
"t.28","t.46",0.00154846367669194
"t.28","t.48",0.00198217657297322
"t.28","t.49",0.00357482455588141
"t.28","t.50",0.0049226201195986
"t.28","t.52",0.0173561867323696
"t.28","t.53",0.0123950694983866
"t.28","t.54",0.0100301195716138
"t.28","t.55",0.00139013258702214
"t.28","t.56",0.00192705958582452
"t.28","t.57",0.0932505288335681
"t.28","t.58",0.0406874966016964
"t.28","t.59",0.00215890386446414
"t.28","t.60",0.0517674815008708
"t.28","t.61",0.00256641439093006
"t.28","t.63",0.00226227426270464
"t.28","t.64",0.00349852002234392
"t.28","t.65",0.00736554172822859
"t.28","t.67",0.0516112153999839
"t.28","t.68",0.0276788605768109
"t.28","t.69",0.0163518773606018
"t.28","t.70",0.000473737591867737
"t.28","t.73",0.0419422805349875
"t.28","t.75",0.013616545530777
"t.28","t.76",0.00965780207989272
"t.28","t.77",0.00831738677670158
"t.28","t.78",0.0122012584986721
"t.28","t.79",0.031478279872048
"t.28","t.80",0.00576832425200234
"t.29","t.30",0.0027327159242824
"t.29","t.31",0.0819368727115083
"t.29","t.32",0.00515075037583855
"t.29","t.33",0.00340764744154915
"t.29","t.34",0.117995426317875
"t.29","t.35",0.0064995770639847
"t.29","t.36",0.0266919739697773
"t.29","t.37",0.00543363627427232
"t.29","t.38",0.00112375426848991
"t.29","t.39",0.00133722138631155
"t.29","t.40",0.0896066158041289
"t.29","t.41",0.0182588493303568
"t.29","t.43",0.0243197359533794
"t.29","t.44",0.00114243378626129
"t.29","t.45",0.0106503901353003
"t.29","t.46",0.00405913835575722
"t.29","t.47",0.0059063278568106
"t.29","t.48",0.0162458353737499
"t.29","t.49",0.00363081569870059
"t.29","t.50",0.0145268363287479
"t.29","t.51",0.010231793742112
"t.29","t.52",0.019131443122892
"t.29","t.53",0.0166819670981356
"t.29","t.54",0.00849188935544308
"t.29","t.56",0.000654083555950763
"t.29","t.57",0.0165511850196581
"t.29","t.58",0.144964964011232
"t.29","t.59",0.00475225648448199
"t.29","t.60",0.0122685321485097
"t.29","t.62",0.00300441654232477
"t.29","t.63",0.00233247134083513
"t.29","t.64",0.000394890402308313
"t.29","t.65",0.00439059049409964
"t.29","t.67",0.0303649743652599
"t.29","t.68",0.00958425202727582
"t.29","t.69",0.146203639815548
"t.29","t.72",0.0016230703731443
"t.29","t.73",0.00516888248263488
"t.29","t.74",0.00374613311713824
"t.29","t.75",0.0216970121517805
"t.29","t.76",0.0126165529188287
"t.29","t.77",0.00873362967152584
"t.29","t.78",0.0101597889809981
"t.29","t.79",0.0295062637300085
"t.29","t.80",0.022369264137331
"t.30","t.31",0.0154846658560998
"t.30","t.33",0.00129408793465575
"t.30","t.34",0.0475576362135423
"t.30","t.35",0.00759244713081686
"t.30","t.36",0.0337195732380794
"t.30","t.37",0.00260964019354792
"t.30","t.38",0.0014383234527338
"t.30","t.39",0.00479325630100578
"t.30","t.40",0.0716700935381278
"t.30","t.41",0.0143227545385343
"t.30","t.42",0.000492506140297771
"t.30","t.43",0.0133887170957815
"t.30","t.45",0.00252644567959142
"t.30","t.46",0.00220305136541037
"t.30","t.47",0.00247449717590581
"t.30","t.48",0.00341075144626957
"t.30","t.50",0.011341681035013
"t.30","t.51",0.0185429422823227
"t.30","t.52",0.0189009395064696
"t.30","t.53",0.00429244086707468
"t.30","t.54",0.00613173408211906
"t.30","t.57",0.0752629981205809
"t.30","t.58",0.047553059408447
"t.30","t.59",0.000930798576072464
"t.30","t.60",0.00422169387560351
"t.30","t.61",0.000467021185916621
"t.30","t.63",0.000555956632855787
"t.30","t.64",0.0199485273556444
"t.30","t.67",0.0129001996674994
"t.30","t.68",0.0291729780733869
"t.30","t.69",0.0103805308317815
"t.30","t.70",0.00185326154190357
"t.30","t.73",0.0220736819315549
"t.30","t.74",0.0267580053062062
"t.30","t.75",0.00842629996513398
"t.30","t.76",0.0169333211455673
"t.30","t.77",0.000246258140427131
"t.30","t.78",0.00311587613429509
"t.30","t.79",0.00381999124638971
"t.30","t.80",0.000926631543153907
"t.31","t.32",0.0185590373716458
"t.31","t.33",0.0222594254248862
"t.31","t.34",0.137072525464933
"t.31","t.35",0.0130647594077047
"t.31","t.36",0.0130684565192897
"t.31","t.37",0.00922752539875355
"t.31","t.38",0.00350906239913695
"t.31","t.39",0.0411642896112461
"t.31","t.40",0.34369964325495
"t.31","t.41",0.00438918008399346
"t.31","t.42",0.00253595606647695
"t.31","t.43",0.0340916438511895
"t.31","t.44",0.00209525426026305
"t.31","t.45",0.0114726733581412
"t.31","t.46",0.00209135059764869
"t.31","t.47",0.0527571646407145
"t.31","t.48",0.00811216798754871
"t.31","t.49",0.0114708400359676
"t.31","t.50",0.0688050804411434
"t.31","t.51",0.0258070305655949
"t.31","t.52",0.00760133632693563
"t.31","t.53",0.106798656481716
"t.31","t.54",0.0596010392601847
"t.31","t.57",0.0102134896969831
"t.31","t.58",0.387411526365756
"t.31","t.60",0.00766222935403018
"t.31","t.61",0.00670961562104196
"t.31","t.63",0.00891062850208421
"t.31","t.64",0.0025054353772698
"t.31","t.65",0.00152462370716007
"t.31","t.67",0.0386831070935804
"t.31","t.68",0.0037013376688852
"t.31","t.69",0.235264241076652
"t.31","t.70",0.00252504125390263
"t.31","t.71",0.00116187177068068
"t.31","t.72",0.00186531932100322
"t.31","t.73",0.0102047297538911
"t.31","t.74",0.0150821732917088
"t.31","t.75",0.00382762093899381
"t.31","t.76",0.0329596572031545
"t.31","t.77",0.0125112543143138
"t.31","t.78",0.0101157309657529
"t.31","t.79",0.100624406551887
"t.31","t.80",0.0217848547024694
"t.32","t.33",0.00165649470578921
"t.32","t.34",0.0703463565635863
"t.32","t.35",0.00662378588585011
"t.32","t.36",0.021344326251258
"t.32","t.37",0.000732422762675272
"t.32","t.38",0.000985464586969033
"t.32","t.39",0.00662086040588182
"t.32","t.40",0.029511507716758
"t.32","t.41",0.0129270364218728
"t.32","t.42",0.0036098616186869
"t.32","t.43",0.0120887193787917
"t.32","t.44",0.00194492509038936
"t.32","t.45",0.00657181465150611
"t.32","t.46",0.0025013651885133
"t.32","t.47",0.00571265124950863
"t.32","t.48",0.00262464413075005
"t.32","t.49",0.00153817680259433
"t.32","t.50",0.0155944668209534
"t.32","t.51",0.0459140292075253
"t.32","t.52",0.00588532574471078
"t.32","t.53",0.0191060639008913
"t.32","t.54",0.0264960964538566
"t.32","t.55",0.0175262630501849
"t.32","t.56",0.000850306660504949
"t.32","t.57",0.020189548175232
"t.32","t.58",0.0265322333880885
"t.32","t.59",0.00713352134933351
"t.32","t.60",0.00417694177004267
"t.32","t.61",0.00628288150413342
"t.32","t.63",0.00966134949539085
"t.32","t.65",0.00481072798505966
"t.32","t.67",0.0160419412033939
"t.32","t.68",0.032623916606181
"t.32","t.69",0.0362509974002384
"t.32","t.70",0.0127839099550311
"t.32","t.73",0.0111686663300819
"t.32","t.75",0.0156916726417019
"t.32","t.77",0.0091292157051331
"t.32","t.78",0.0185418264652495
"t.32","t.79",0.00335058789874366
"t.32","t.80",0.0167751473405391
"t.33","t.34",0.0897324769051478
"t.33","t.35",0.00818744755879707
"t.33","t.36",0.0178285208298831
"t.33","t.37",0.0015181688300584
"t.33","t.39",0.0102539984497186
"t.33","t.40",0.0934733666021726
"t.33","t.43",0.0270376548412209
"t.33","t.44",0.00173912857342051
"t.33","t.45",0.00253610543003605
"t.33","t.47",0.00901617228633899
"t.33","t.48",0.00141525738670958
"t.33","t.49",0.0141937601222992
"t.33","t.50",0.0154053515760672
"t.33","t.51",0.000472787518780126
"t.33","t.52",0.00366970527203416
"t.33","t.53",0.00763883700269764
"t.33","t.54",0.00854902922104284
"t.33","t.56",0.00153250393927045
"t.33","t.57",0.00603692162793474
"t.33","t.58",0.0599038823390923
"t.33","t.60",0.0153687426668763
"t.33","t.64",0.00217814584845569
"t.33","t.65",0.000632621582893245
"t.33","t.67",0.0449974135480845
"t.33","t.68",0.0176504166851641
"t.33","t.69",0.116643240298468
"t.33","t.72",0.000768580741121314
"t.33","t.73",0.0100080978695691
"t.33","t.74",0.00504798451096583
"t.33","t.75",0.00832353978036732
"t.33","t.76",0.00794097926550857
"t.33","t.77",0.028452166495464
"t.33","t.78",0.00456858067229238
"t.33","t.79",0.0192021853763609
"t.33","t.80",0.000818654346216902
"t.34","t.35",0.0869381036737629
"t.34","t.36",0.186250315297643
"t.34","t.37",0.0154305079533934
"t.34","t.38",0.00850803645717596
"t.34","t.39",0.0413488380387126
"t.34","t.40",0.208713580063215
"t.34","t.41",0.0502030154156047
"t.34","t.42",0.00374062869590729
"t.34","t.43",0.15342129221779
"t.34","t.44",0.0115618623324699
"t.34","t.45",0.0230695970042759
"t.34","t.46",0.00646144678788719
"t.34","t.47",0.0617362021983238
"t.34","t.48",0.00515615200676864
"t.34","t.49",0.0375903878314051
"t.34","t.50",0.071280944559491
"t.34","t.51",0.14123654939799
"t.34","t.52",0.0257071623965021
"t.34","t.53",0.124780087062587
"t.34","t.54",0.0574808968124182
"t.34","t.55",0.0125517770837275
"t.34","t.56",0.0131075833832055
"t.34","t.57",0.123880122838918
"t.34","t.58",0.047894663387833
"t.34","t.59",0.00724905292055591
"t.34","t.60",0.0934079184953616
"t.34","t.61",0.0153484373974295
"t.34","t.62",0.00573034151745963
"t.34","t.63",0.046550416948766
"t.34","t.64",0.0142032811456817
"t.34","t.65",0.00736740366391911
"t.34","t.66",0.00325514871848897
"t.34","t.67",0.0283419048848989
"t.34","t.68",0.0879123724522292
"t.34","t.69",0.351775435392948
"t.34","t.70",0.00956123013701553
"t.34","t.71",0.00572794439008069
"t.34","t.72",0.000381025019475172
"t.34","t.73",0.0458343661193155
"t.34","t.74",0.0300075220287015
"t.34","t.75",0.0852158691639829
"t.34","t.76",0.0282266378415193
"t.34","t.77",0.0150564160451466
"t.34","t.78",0.0496766683795041
"t.34","t.79",0.0269212615313448
"t.34","t.80",0.03005929275276
"t.35","t.36",0.133432368138954
"t.35","t.37",0.00700191318646907
"t.35","t.38",0.0106772111032487
"t.35","t.39",0.0162929977803512
"t.35","t.40",0.0168093690501999
"t.35","t.41",0.00514121216634134
"t.35","t.43",0.00735101955413437
"t.35","t.44",0.00675873867201565
"t.35","t.45",0.00090286141190741
"t.35","t.46",0.00437671912262032
"t.35","t.47",0.0218369005801411
"t.35","t.48",0.00709405819500206
"t.35","t.49",0.00137929227231066
"t.35","t.50",0.0104365896550346
"t.35","t.51",0.0141253403853238
"t.35","t.52",0.0276245869381549
"t.35","t.53",0.0140493821398451
"t.35","t.55",0.00216767393330888
"t.35","t.56",0.00255470819776443
"t.35","t.57",0.103613239763295
"t.35","t.58",0.00985005980058824
"t.35","t.59",0.0118892500951527
"t.35","t.60",0.112336105798326
"t.35","t.61",0.00983161886131553
"t.35","t.63",0.00167430253124041
"t.35","t.64",0.0156810771014973
"t.35","t.65",0.00906639681971906
"t.35","t.67",0.0403485275734883
"t.35","t.68",0.0386749385409137
"t.35","t.69",0.0176458822134046
"t.35","t.70",0.0096782517156514
"t.35","t.71",0.0116871906892889
"t.35","t.72",0.00202145159566518
"t.35","t.73",0.113516784290522
"t.35","t.74",0.00329187337910494
"t.35","t.75",0.0326446989082146
"t.35","t.76",0.0315202078254724
"t.35","t.77",0.0038552279452243
"t.35","t.78",0.0187163008265969
"t.35","t.79",0.0282602889713693
"t.35","t.80",0.0148148028435932
"t.36","t.37",0.0277643213615578
"t.36","t.38",0.00722808503773385
"t.36","t.39",0.00555629315782937
"t.36","t.40",0.0509357692941739
"t.36","t.41",0.0560658876079645
"t.36","t.43",0.0163771669695447
"t.36","t.44",0.00656229834801048
"t.36","t.45",0.00553754087008068
"t.36","t.46",0.00477762414718587
"t.36","t.47",0.140023062810772
"t.36","t.48",0.00997779486098677
"t.36","t.49",0.00438858650255355
"t.36","t.50",0.0151002647833901
"t.36","t.51",0.00978984332396859
"t.36","t.52",0.0404786348612176
"t.36","t.53",0.0405025417037581
"t.36","t.54",0.00697880203756535
"t.36","t.55",0.00513691472713244
"t.36","t.56",0.00845827598922869
"t.36","t.57",0.255090263331222
"t.36","t.58",0.0792496829057088
"t.36","t.59",0.0130415833472653
"t.36","t.60",0.0144037117137818
"t.36","t.61",0.033185762506995
"t.36","t.62",0.000780101669468491
"t.36","t.63",0.0373081695409664
"t.36","t.64",0.0591861440732087
"t.36","t.65",0.0109624215425004
"t.36","t.67",0.318646696960495
"t.36","t.68",0.0714955628066417
"t.36","t.69",0.045184642482872
"t.36","t.70",0.00358140860733473
"t.36","t.71",0.0117253541114777
"t.36","t.73",0.195647785274298
"t.36","t.74",0.00517388085466592
"t.36","t.75",0.0712893850212172
"t.36","t.76",0.0177685780719022
"t.36","t.77",0.0729130944474039
"t.36","t.78",0.0449026416302768
"t.36","t.79",0.0152724135267433
"t.36","t.80",0.0212549889085455
"t.37","t.38",0.00259129229846324
"t.37","t.39",0.0245822420291425
"t.37","t.40",0.0146316448081314
"t.37","t.41",0.00299782852956377
"t.37","t.42",0.00574238579536339
"t.37","t.43",0.00233548942472374
"t.37","t.44",0.00163803819251601
"t.37","t.45",0.00585736252982543
"t.37","t.46",0.00613104042366684
"t.37","t.47",0.0112985323484212
"t.37","t.48",0.196411062464434
"t.37","t.49",0.000899190873982508
"t.37","t.50",0.00341449152667983
"t.37","t.51",0.00713555611861174
"t.37","t.53",0.000713932757778619
"t.37","t.54",0.00578265537843302
"t.37","t.56",0.00570467039545352
"t.37","t.57",0.0652112839942479
"t.37","t.58",0.0209293081319542
"t.37","t.59",0.00649472142742148
"t.37","t.60",0.0162486652073788
"t.37","t.61",0.044960558477622
"t.37","t.62",0.00480663457521434
"t.37","t.63",0.0188987959759734
"t.37","t.64",0.0725573307728749
"t.37","t.65",0.114363229368238
"t.37","t.66",0.000667717572130989
"t.37","t.67",0.0170735084265421
"t.37","t.68",0.011992637857923
"t.37","t.69",0.015281889286671
"t.37","t.70",0.00260610057350914
"t.37","t.71",0.00589638368958394
"t.37","t.72",0.00336319141839776
"t.37","t.73",0.0703708403162013
"t.37","t.74",0.00196323659441979
"t.37","t.75",0.0043709272807174
"t.37","t.76",0.00321710262669508
"t.37","t.77",0.010494833231171
"t.37","t.78",0.0061593194370583
"t.37","t.79",0.00782205218321335
"t.37","t.80",0.00109823302719535
"t.38","t.39",0.00647884262810595
"t.38","t.40",0.00832936184772511
"t.38","t.41",0.018416904648589
"t.38","t.42",0.000984963034906083
"t.38","t.43",0.0018661629340628
"t.38","t.44",0.0351737572707512
"t.38","t.45",0.00101604059500821
"t.38","t.46",0.00537403831194271
"t.38","t.47",0.00534886768160602
"t.38","t.48",0.00287156449905039
"t.38","t.49",0.00179307964830563
"t.38","t.50",0.00689245833018686
"t.38","t.51",0.000843431485488096
"t.38","t.52",0.00533422942487736
"t.38","t.53",0.00181512700761419
"t.38","t.55",0.00400223679362516
"t.38","t.56",0.00861813350431054
"t.38","t.57",0.100206407965658
"t.38","t.58",0.0110055798014546
"t.38","t.59",0.0173193267448163
"t.38","t.60",0.00305020275600759
"t.38","t.61",0.0064687318739777
"t.38","t.63",0.00901180008945189
"t.38","t.64",0.00866704080598747
"t.38","t.67",0.00973387937265042
"t.38","t.68",0.00511840841789752
"t.38","t.69",0.0072676270958759
"t.38","t.71",0.0179435354183958
"t.38","t.72",0.0047507696096229
"t.38","t.73",0.153037850454006
"t.38","t.75",0.0215191408073783
"t.38","t.77",0.0066498955995197
"t.38","t.78",0.0156028667048703
"t.38","t.79",0.00212876383997355
"t.39","t.40",0.0903271036040918
"t.39","t.41",0.0233286560041071
"t.39","t.42",0.0263952299318284
"t.39","t.43",0.0251955982720356
"t.39","t.44",0.00779377212456139
"t.39","t.45",0.00162558017818888
"t.39","t.47",0.00676762641118854
"t.39","t.48",0.00422430433599007
"t.39","t.49",0.0065097132322969
"t.39","t.50",0.00257384370309636
"t.39","t.51",0.00531349531145675
"t.39","t.52",0.0120793757563548
"t.39","t.53",0.0118681389952817
"t.39","t.54",0.0448935971199504
"t.39","t.55",0.00903101505768278
"t.39","t.56",0.0029310004740111
"t.39","t.57",0.0907386166479093
"t.39","t.58",0.0379774645237493
"t.39","t.59",0.0130774336900256
"t.39","t.60",0.00862496561669178
"t.39","t.61",0.0337335860248596
"t.39","t.62",0.00128196057800985
"t.39","t.63",0.00168293426861786
"t.39","t.64",0.0108380241847842
"t.39","t.65",0.0148077671373182
"t.39","t.66",0.0025015287783602
"t.39","t.67",0.017115267179677
"t.39","t.68",0.0395920040048979
"t.39","t.69",0.0334033626288939
"t.39","t.70",0.000370659721389816
"t.39","t.71",0.00670500882922919
"t.39","t.72",0.00441521686884477
"t.39","t.73",0.171704602158578
"t.39","t.74",0.00520461534811462
"t.39","t.75",0.0149855812630304
"t.39","t.76",0.00793234398430807
"t.39","t.77",0.016087936486916
"t.39","t.78",0.00656691859808166
"t.39","t.79",0.0101926255599643
"t.39","t.80",0.00162346709789501
"t.40","t.41",0.0109949853425168
"t.40","t.43",0.029971135716878
"t.40","t.44",0.00676558566130879
"t.40","t.45",0.0236618640497556
"t.40","t.46",0.00302889420886079
"t.40","t.47",0.110431224545853
"t.40","t.48",0.00966095916812039
"t.40","t.49",0.0164179554022828
"t.40","t.50",0.114226690661994
"t.40","t.51",0.119791089749216
"t.40","t.52",0.0170421811000699
"t.40","t.53",0.281851986384129
"t.40","t.54",0.256778449550553
"t.40","t.55",0.00131086218416392
"t.40","t.56",0.00190293943230678
"t.40","t.57",0.059106347119205
"t.40","t.58",0.292691858891237
"t.40","t.59",0.0122671606528982
"t.40","t.60",0.017364107957475
"t.40","t.61",0.0275866227267535
"t.40","t.62",0.00394725704340094
"t.40","t.63",0.0132079173027052
"t.40","t.64",0.0122514124701715
"t.40","t.65",0.00425039467478587
"t.40","t.67",0.0186138437154817
"t.40","t.68",0.0828542643772295
"t.40","t.69",0.140052659052992
"t.40","t.70",0.00315627036360175
"t.40","t.71",0.00876072485210914
"t.40","t.72",0.00201066868971858
"t.40","t.73",0.0149851695921667
"t.40","t.74",0.16359490914749
"t.40","t.75",0.0149251333489839
"t.40","t.76",0.178156642059519
"t.40","t.77",0.0120954144932676
"t.40","t.78",0.0231124319562081
"t.40","t.79",0.17659675088788
"t.40","t.80",0.0547370753970945
"t.41","t.42",0.0751157045993765
"t.41","t.43",0.0216318680244239
"t.41","t.44",0.0648902755180156
"t.41","t.45",0.00833209042226638
"t.41","t.46",0.0190952415459654
"t.41","t.47",0.011698662876729
"t.41","t.48",0.0098215852017779
"t.41","t.49",0.0658428863926838
"t.41","t.50",0.00688803003963682
"t.41","t.51",0.010899505355028
"t.41","t.52",0.0429859840862146
"t.41","t.53",0.00713937141140674
"t.41","t.54",0.000844847706998969
"t.41","t.55",0.00272311345975295
"t.41","t.56",0.00102763260916304
"t.41","t.57",0.0740933283004257
"t.41","t.58",0.0296889454605974
"t.41","t.59",0.0389963224890005
"t.41","t.60",0.00585260710085044
"t.41","t.61",0.00399079970151789
"t.41","t.62",0.0225970790491418
"t.41","t.63",0.0363980266616849
"t.41","t.64",0.0179360125044997
"t.41","t.65",0.0519577673856151
"t.41","t.66",0.00330542452914643
"t.41","t.67",0.0127839610519473
"t.41","t.68",0.0248679389862068
"t.41","t.69",0.00968174750814124
"t.41","t.70",0.00154551972854858
"t.41","t.71",0.00831812854131957
"t.41","t.72",0.0359928809653099
"t.41","t.73",0.110595727002186
"t.41","t.74",0.00250190447037975
"t.41","t.75",0.0861366468155909
"t.41","t.76",0.00326761337617959
"t.41","t.77",0.0202320665834409
"t.41","t.78",0.0443592483521379
"t.41","t.79",0.00142401996733724
"t.42","t.43",0.00628486963891043
"t.42","t.45",0.00105900016608915
"t.42","t.46",0.00147741992951439
"t.42","t.47",0.0106939151269322
"t.42","t.49",0.00179886528569097
"t.42","t.50",0.00103495553408602
"t.42","t.52",0.00238600945877819
"t.42","t.55",0.00381373335648455
"t.42","t.57",0.00685039140159625
"t.42","t.58",0.0028558962314773
"t.42","t.59",0.0202143254952454
"t.42","t.60",0.00088670684533983
"t.42","t.61",0.00130839704612767
"t.42","t.63",0.0100834262678682
"t.42","t.65",0.016884653884034
"t.42","t.66",0.125688848113613
"t.42","t.67",0.00811895748163464
"t.42","t.70",0.00055598263238145
"t.42","t.72",0.00917039288870297
"t.42","t.73",0.0367736579265938
"t.42","t.75",0.0160749942534417
"t.42","t.76",0.000738743640860668
"t.42","t.77",0.00162661379824531
"t.43","t.44",0.0141931849779949
"t.43","t.45",0.00182975288287064
"t.43","t.46",0.00390485252521369
"t.43","t.47",0.0227013030886403
"t.43","t.48",0.00489920420465329
"t.43","t.49",0.110266801594162
"t.43","t.50",0.0311633330060374
"t.43","t.51",0.0115995221192406
"t.43","t.52",0.0159131715579564
"t.43","t.53",0.0299681224020708
"t.43","t.54",0.00337845811182778
"t.43","t.55",0.0406371747722868
"t.43","t.56",0.0101019416097929
"t.43","t.57",0.0649678681084282
"t.43","t.58",0.0353475655243213
"t.43","t.59",0.0125753004720758
"t.43","t.60",0.0138608700490087
"t.43","t.61",0.0261450680054091
"t.43","t.62",0.00771491162445154
"t.43","t.63",0.0103231887290836
"t.43","t.64",0.00879665676820131
"t.43","t.65",0.0300338648337392
"t.43","t.66",0.00430247058386736
"t.43","t.67",0.0789710348588076
"t.43","t.68",0.0291013653594416
"t.43","t.69",0.688645766589381
"t.43","t.70",0.0240302328903502
"t.43","t.71",0.0176310371621611
"t.43","t.72",0.00951903721010577
"t.43","t.73",0.111793029519479
"t.43","t.74",0.00165438804712951
"t.43","t.75",0.0285697683722528
"t.43","t.76",0.00945964004437615
"t.43","t.77",0.0565095764786934
"t.43","t.78",0.0200201145161685
"t.43","t.79",0.0265571254233561
"t.43","t.80",0.0104433494517271
"t.44","t.45",0.00099630223239901
"t.44","t.46",0.00265734378494323
"t.44","t.47",0.00112932511713356
"t.44","t.49",0.000845345007135812
"t.44","t.50",0.00704645739304197
"t.44","t.51",0.00353289437437678
"t.44","t.52",0.0115492133323877
"t.44","t.53",0.0128796422150345
"t.44","t.54",0.00183656880362241
"t.44","t.56",0.00126164779798622
"t.44","t.57",0.0487970808401775
"t.44","t.58",0.0717130481444875
"t.44","t.59",0.014348048046874
"t.44","t.60",0.000591444514798751
"t.44","t.61",0.0273212763150336
"t.44","t.62",0.00103738622405604
"t.44","t.63",0.0268564343168978
"t.44","t.64",0.00133433385527005
"t.44","t.65",0.00343357483256619
"t.44","t.67",0.00894954903939803
"t.44","t.68",0.00956388481567432
"t.44","t.69",0.0116072111187952
"t.44","t.71",0.0351641118720439
"t.44","t.72",0.00211559582342523
"t.44","t.73",0.116818511367573
"t.44","t.75",0.00622365095440866
"t.44","t.77",0.0156895714218557
"t.44","t.78",0.0706516762538479
"t.44","t.79",0.00449038143415061
"t.45","t.46",0.00192186692108606
"t.45","t.47",0.00850677697898064
"t.45","t.48",0.0205181181966185
"t.45","t.49",0.00846430439484544
"t.45","t.50",0.00140229414183701
"t.45","t.51",0.0367428641364438
"t.45","t.52",0.00754385960281603
"t.45","t.53",0.00720525212554865
"t.45","t.54",0.00685321852541129
"t.45","t.55",0.00176744533555177
"t.45","t.57",0.102722423544114
"t.45","t.58",0.0719635016995727
"t.45","t.59",0.0243499244210301
"t.45","t.60",0.00716683813684215
"t.45","t.61",0.000787081451470427
"t.45","t.62",0.00223850154623874
"t.45","t.63",0.011450385177369
"t.45","t.64",0.00740424457297224
"t.45","t.65",0.00572222231511941
"t.45","t.67",0.0131159319536104
"t.45","t.68",0.0320660870677519
"t.45","t.69",0.0027855089802024
"t.45","t.70",0.00342560490833298
"t.45","t.71",0.0011296101281942
"t.45","t.72",0.00228718538568202
"t.45","t.73",0.0119407934826889
"t.45","t.74",0.000404309209430806
"t.45","t.75",0.0318843483830578
"t.45","t.76",0.00157909483821405
"t.45","t.77",0.0109535387492218
"t.45","t.78",0.0108680974095296
"t.45","t.79",0.00768580422665085
"t.45","t.80",0.00544553414986804
"t.46","t.49",0.00481199557417034
"t.46","t.50",0.00401310512405078
"t.46","t.51",0.0128227668217957
"t.46","t.53",0.0021684603400613
"t.46","t.54",0.00153638295340156
"t.46","t.55",0.000391596389817135
"t.46","t.56",0.00340177248301965
"t.46","t.57",0.0371504470225223
"t.46","t.58",0.00117827327274678
"t.46","t.59",0.0033924837241152
"t.46","t.60",0.0088222664729939
"t.46","t.61",0.00405965215785423
"t.46","t.62",0.0031782436157659
"t.46","t.63",0.00814561230712439
"t.46","t.67",0.0228628222713718
"t.46","t.68",0.0145225618836873
"t.46","t.69",0.0169680015176431
"t.46","t.70",0.000850117741072821
"t.46","t.71",0.0019795022072275
"t.46","t.72",0.00107899471414253
"t.46","t.73",0.0820980078022851
"t.46","t.74",0.000544644476563428
"t.46","t.75",0.0177351803211943
"t.46","t.76",0.00311343281341952
"t.46","t.77",0.000903464610916976
"t.46","t.78",0.044032561071306
"t.46","t.79",0.00172962472044577
"t.46","t.80",0.00384851259641322
"t.47","t.48",0.0231785269034118
"t.47","t.49",0.00962450268405608
"t.47","t.50",0.015550413506151
"t.47","t.51",0.0177605731078312
"t.47","t.52",0.0275495281613155
"t.47","t.53",0.00307128118893215
"t.47","t.54",0.021994093007038
"t.47","t.55",0.000788549802036515
"t.47","t.57",0.110145897405299
"t.47","t.58",0.0656538128823327
"t.47","t.59",0.00574670888230633
"t.47","t.60",0.00572740636764023
"t.47","t.61",0.0065859164443175
"t.47","t.62",0.000632604713884049
"t.47","t.63",0.0124444006047751
"t.47","t.64",0.0191485086523955
"t.47","t.65",0.0171578022988095
"t.47","t.67",0.0743702883889919
"t.47","t.68",0.113008261135443
"t.47","t.69",0.0384586476251874
"t.47","t.70",0.0101109585297451
"t.47","t.71",0.0031221855885198
"t.47","t.72",0.00145238181341781
"t.47","t.73",0.0593007365196566
"t.47","t.74",0.0230949044674684
"t.47","t.76",0.00129278752040918
"t.47","t.77",0.0409150178648319
"t.47","t.78",0.00463086490726315
"t.47","t.79",0.0138386091383243
"t.47","t.80",0.0101876870981452
"t.48","t.49",0.00125469118264646
"t.48","t.50",0.00318245673317495
"t.48","t.51",0.0140361235884238
"t.48","t.54",0.00514247981999785
"t.48","t.56",0.00295262189243983
"t.48","t.57",0.0219138794771993
"t.48","t.58",0.0325240327711399
"t.48","t.59",0.00567578816886965
"t.48","t.61",0.00374849878959558
"t.48","t.62",0.00272452349858929
"t.48","t.63",0.0737955240262671
"t.48","t.64",0.687544141952518
"t.48","t.65",0.0100695911828421
"t.48","t.67",0.00539507596432323
"t.48","t.68",0.00864047412240994
"t.48","t.69",0.00509038580686149
"t.48","t.73",0.0212305297101312
"t.48","t.74",0.000290345797000906
"t.48","t.75",0.0014021925102371
"t.48","t.77",0.00259618005461643
"t.48","t.78",0.00377737838148114
"t.48","t.79",0.0185132638238274
"t.48","t.80",0.00861158506345414
"t.49","t.50",0.00357552819576827
"t.49","t.51",0.00229999489791309
"t.49","t.52",0.0126026771679117
"t.49","t.53",0.0708986286963864
"t.49","t.54",0.00292504991925793
"t.49","t.55",0.0119787059932972
"t.49","t.56",0.00342346581715949
"t.49","t.57",0.0219124961259344
"t.49","t.58",0.0509701577905441
"t.49","t.59",0.00528025666431354
"t.49","t.60",0.00197846827804401
"t.49","t.61",0.00963675871234369
"t.49","t.62",0.00231283847012614
"t.49","t.64",0.000605304069830713
"t.49","t.65",0.0074899315258419
"t.49","t.67",0.0406111199860608
"t.49","t.68",0.0155183378415399
"t.49","t.69",0.164281941901873
"t.49","t.70",0.00223406515202309
"t.49","t.71",0.00142932981665391
"t.49","t.73",0.0393783698550241
"t.49","t.74",0.000897962900492914
"t.49","t.75",0.0224081923723684
"t.49","t.77",0.00787740817238182
"t.49","t.78",0.0574984563974519
"t.49","t.79",0.00755934881195744
"t.49","t.80",0.00874627271602264
"t.50","t.51",0.0144905031738559
"t.50","t.52",0.061452848825566
"t.50","t.53",0.0194016558642631
"t.50","t.54",0.0236848115081471
"t.50","t.55",0.0032933979855904
"t.50","t.56",0.00223380454646714
"t.50","t.57",0.0643211213862145
"t.50","t.58",0.083414871343151
"t.50","t.59",0.00118920929366067
"t.50","t.60",0.0204273676386113
"t.50","t.61",0.00591846964769974
"t.50","t.62",0.00290786324743117
"t.50","t.63",0.00336598514509711
"t.50","t.64",0.00950470024545217
"t.50","t.65",0.0193329152838813
"t.50","t.67",0.0641020765947028
"t.50","t.68",0.0151031899078786
"t.50","t.69",0.111946954224647
"t.50","t.70",0.00249753156550682
"t.50","t.71",0.00280707009236176
"t.50","t.73",0.0708200578398001
"t.50","t.74",0.00340746694750399
"t.50","t.75",0.0185144399973494
"t.50","t.76",0.0130874137522457
"t.50","t.77",0.0195977108796502
"t.50","t.78",0.0155993593211686
"t.50","t.79",0.0143130927653691
"t.50","t.80",0.000645518396694327
"t.51","t.52",0.00716729644924772
"t.51","t.53",0.0311611496502153
"t.51","t.54",0.0449624511986383
"t.51","t.56",0.00100695711872782
"t.51","t.57",0.0750973901463751
"t.51","t.58",0.113434962485137
"t.51","t.59",0.000879087831350348
"t.51","t.60",0.000797843808980065
"t.51","t.61",0.00739749276119691
"t.51","t.62",0.00124759593576565
"t.51","t.63",0.00338499368571965
"t.51","t.64",0.00797220442347903
"t.51","t.67",0.0275071473554897
"t.51","t.68",0.0537491967615831
"t.51","t.69",0.0146293638162817
"t.51","t.70",0.000360958687353521
"t.51","t.71",0.000408432821818214
"t.51","t.72",0.0011112857244495
"t.51","t.73",0.0367593995204015
"t.51","t.74",0.0256344791961122
"t.51","t.75",0.012464885912798
"t.51","t.76",0.0099735856511019
"t.51","t.77",0.00257168458297033
"t.51","t.78",0.0236161312030282
"t.51","t.79",0.00473389012754981
"t.51","t.80",0.00458703440647478
"t.52","t.53",0.0330675776519814
"t.52","t.54",0.0101080114327494
"t.52","t.55",0.000435867808902035
"t.52","t.57",0.151076522686795
"t.52","t.58",0.127238616362061
"t.52","t.59",0.00894548972955232
"t.52","t.60",0.00227798607689352
"t.52","t.61",0.00564195957683503
"t.52","t.62",0.00158877560210125
"t.52","t.63",0.0159709696253541
"t.52","t.64",0.0133602937015864
"t.52","t.65",0.010283684139791
"t.52","t.67",0.0790934341534829
"t.52","t.68",0.0106370225369713
"t.52","t.69",0.0172962759063012
"t.52","t.70",0.000833972210817895
"t.52","t.71",0.0174825220866565
"t.52","t.72",0.00592153229046946
"t.52","t.73",0.170494166633576
"t.52","t.74",0.00261692874448082
"t.52","t.75",0.155340331831803
"t.52","t.76",0.00238951817277055
"t.52","t.77",0.0060975791988174
"t.52","t.78",0.0636175718589465
"t.52","t.79",0.0208729763066759
"t.52","t.80",0.00617898543475987
"t.53","t.54",0.0406234219920302
"t.53","t.55",0.000315827693076805
"t.53","t.57",0.0969260516297472
"t.53","t.58",0.109296318767378
"t.53","t.59",0.00174441442672294
"t.53","t.60",0.0107023602471149
"t.53","t.61",0.0178838158777605
"t.53","t.63",0.00550822840116212
"t.53","t.65",0.0175644210563605
"t.53","t.67",0.0270722731713971
"t.53","t.68",0.0295397781219591
"t.53","t.69",0.0962331465979519
"t.53","t.70",0.00146142857036873
"t.53","t.71",0.031784081697246
"t.53","t.73",0.0344832732772795
"t.53","t.74",0.012590314297357
"t.53","t.75",0.0113451846731932
"t.53","t.76",0.0147607658220469
"t.53","t.77",0.00912134653171399
"t.53","t.78",0.146629086581869
"t.53","t.79",0.0255270586979595
"t.53","t.80",0.017221393855532
"t.54","t.57",0.0358435522478549
"t.54","t.58",0.0982548756105115
"t.54","t.60",0.00485800013134163
"t.54","t.61",0.0195589153831054
"t.54","t.62",0.0049567192515683
"t.54","t.63",0.000813311482094384
"t.54","t.64",0.0106832316567786
"t.54","t.65",0.00244882536457456
"t.54","t.66",0.000362652759949526
"t.54","t.67",0.019788918264791
"t.54","t.68",0.0715406983432017
"t.54","t.69",0.0254050986168049
"t.54","t.73",0.00983211672480027
"t.54","t.74",0.0324292412798153
"t.54","t.75",0.00653409288416336
"t.54","t.76",0.0290031640957834
"t.54","t.77",0.00428891844630913
"t.54","t.78",0.0178619042127282
"t.54","t.79",0.0231336778414396
"t.54","t.80",0.0026989852335735
"t.55","t.56",0.000219666372963039
"t.55","t.57",0.0113526376303343
"t.55","t.59",0.0012003829310012
"t.55","t.61",0.00283608501926669
"t.55","t.62",0.00113865812381086
"t.55","t.63",0.000481203237543625
"t.55","t.65",0.00103944443737511
"t.55","t.67",0.00595852324188564
"t.55","t.68",0.00631705750839018
"t.55","t.69",0.0168506722295043
"t.55","t.70",0.0277414693437511
"t.55","t.71",0.0041203749309494
"t.55","t.72",1
"t.55","t.73",0.0661107925279005
"t.55","t.75",0.00683413379667641
"t.55","t.76",0.00183792653436387
"t.55","t.77",0.00388606739628662
"t.55","t.80",0.00142119698461333
"t.56","t.57",0.00999305663830412
"t.56","t.58",0.00686534733807861
"t.56","t.59",0.00236558099886603
"t.56","t.60",0.000342116037709939
"t.56","t.62",0.0485425256747317
"t.56","t.63",0.00339136849025365
"t.56","t.64",0.00196051470800311
"t.56","t.65",0.0136105281042038
"t.56","t.67",0.0147914559802475
"t.56","t.68",0.0290695140792685
"t.56","t.69",0.00125889216721389
"t.56","t.72",0.000341596184771209
"t.56","t.73",0.0160389787203091
"t.56","t.75",0.00421145633451697
"t.56","t.77",0.0063705246210215
"t.56","t.78",0.00261065335440491
"t.56","t.79",0.00295627179670522
"t.56","t.80",0.00159849866976843
"t.57","t.58",0.0918209664009947
"t.57","t.59",0.0962483840309536
"t.57","t.60",0.0209531655951754
"t.57","t.61",0.0592496217041052
"t.57","t.62",0.00620628328938929
"t.57","t.63",0.184845109331058
"t.57","t.64",0.047201122366168
"t.57","t.65",0.041283011803608
"t.57","t.66",0.00236502300758819
"t.57","t.67",0.0836965224778478
"t.57","t.68",0.0775343625255337
"t.57","t.69",0.0451738180912297
"t.57","t.70",0.00399615718992866
"t.57","t.71",0.0980017831431201
"t.57","t.72",0.0067601123464748
"t.57","t.73",0.280608386585057
"t.57","t.74",0.015268652504123
"t.57","t.75",0.176776040329454
"t.57","t.76",0.0283025030135854
"t.57","t.77",0.0425018636431734
"t.57","t.78",0.123789697483287
"t.57","t.79",0.0116429698631596
"t.57","t.80",0.0251938498300044
"t.58","t.59",0.00443094853858378
"t.58","t.60",0.0069938316117287
"t.58","t.61",0.0141809010337085
"t.58","t.62",0.00462566768893541
"t.58","t.63",0.00504964250233422
"t.58","t.64",0.0572639686657307
"t.58","t.65",0.0119142842284345
"t.58","t.66",0.000691789054211872
"t.58","t.67",0.155692653725795
"t.58","t.68",0.0836591054685041
"t.58","t.69",0.212922380330243
"t.58","t.70",0.00134914213080945
"t.58","t.71",0.0110543247474601
"t.58","t.72",0.000594123595603738
"t.58","t.73",0.0223634408092773
"t.58","t.74",0.0104041051590478
"t.58","t.75",0.0373853277073692
"t.58","t.76",0.0475479293812663
"t.58","t.77",0.00644780806067523
"t.58","t.78",0.0256027000596572
"t.58","t.79",0.194052782257307
"t.58","t.80",0.0855279283176512
"t.59","t.60",0.00724714261031484
"t.59","t.61",0.0201126080959203
"t.59","t.62",0.00258963167879965
"t.59","t.63",0.0330450657661813
"t.59","t.64",0.0172413737987025
"t.59","t.65",0.0273998220585995
"t.59","t.67",0.0165088257294147
"t.59","t.68",0.0196178497296949
"t.59","t.69",0.00133614320807375
"t.59","t.70",0.00323029156408547
"t.59","t.71",0.00231035259639698
"t.59","t.72",0.0144343429087495
"t.59","t.73",0.156894277399309
"t.59","t.75",0.0503241983675567
"t.59","t.76",0.00598541144588864
"t.59","t.77",0.0109165626401509
"t.59","t.78",0.0149004001399712
"t.59","t.79",0.00195080463273818
"t.59","t.80",0.00167110143069766
"t.60","t.61",0.00443455601936558
"t.60","t.62",0.000273090962037901
"t.60","t.63",0.0033181552948165
"t.60","t.64",0.00524052711910314
"t.60","t.65",0.00176783833585391
"t.60","t.67",0.014484717032334
"t.60","t.68",0.0104718712767777
"t.60","t.69",0.00707485499141167
"t.60","t.70",0.000285071105994027
"t.60","t.72",0.000519828906275367
"t.60","t.73",0.0200467919698163
"t.60","t.74",0.00283921551125983
"t.60","t.75",0.0309668831190273
"t.60","t.76",0.000219673695033097
"t.60","t.77",0.00283747316252569
"t.60","t.78",0.00806197955463635
"t.60","t.79",0.0342907827135623
"t.60","t.80",0.00960272076205346
"t.61","t.63",0.027013422314358
"t.61","t.65",0.0265619774427123
"t.61","t.67",0.0698804806802575
"t.61","t.68",0.0204099415442888
"t.61","t.69",0.0370881032743845
"t.61","t.70",0.000475591277097807
"t.61","t.71",0.085226105241246
"t.61","t.72",0.000324894284763489
"t.61","t.73",0.10405643678666
"t.61","t.74",0.00223252406660033
"t.61","t.75",0.0158747641942615
"t.61","t.76",0.00539087044487307
"t.61","t.77",0.0179924395975661
"t.61","t.78",0.0683781140548498
"t.61","t.79",0.00330066253814506
"t.61","t.80",0.00591524812483208
"t.62","t.63",0.0117472567898513
"t.62","t.64",0.00327479048503366
"t.62","t.65",0.00576016059746452
"t.62","t.67",0.0107581873332223
"t.62","t.68",0.0330539885562689
"t.62","t.69",0.00909501553649971
"t.62","t.71",0.000814586927158343
"t.62","t.73",0.0156530591595051
"t.62","t.75",0.0176405307614669
"t.62","t.77",0.00078417639390269
"t.62","t.78",0.000343198583864161
"t.62","t.79",0.000740994394209029
"t.62","t.80",0.00102101474265579
"t.63","t.64",0.0426987229408588
"t.63","t.65",0.0156131955361248
"t.63","t.67",0.025510101875417
"t.63","t.68",0.0278883718716687
"t.63","t.69",0.0120868729353934
"t.63","t.71",0.0393352879641819
"t.63","t.73",0.184180761058507
"t.63","t.74",0.000476446509155331
"t.63","t.75",0.141694923106193
"t.63","t.76",0.00429868014330676
"t.63","t.77",0.0729061831859856
"t.63","t.78",0.0545724908028679
"t.63","t.79",0.000542335423022496
"t.63","t.80",0.00736627176336759
"t.64","t.65",0.00414620956546294
"t.64","t.67",0.0206344560545203
"t.64","t.68",0.0627805942542549
"t.64","t.69",0.00908649461862622
"t.64","t.70",0.00422674392605642
"t.64","t.71",0.000635030134510889
"t.64","t.73",0.0900908267669121
"t.64","t.74",0.00144254317495664
"t.64","t.75",0.0496001090007263
"t.64","t.76",0.011611797863499
"t.64","t.77",0.011863610525222
"t.64","t.78",0.00421389856582613
"t.64","t.79",0.00572269916968863
"t.65","t.67",0.0361860678433185
"t.65","t.68",0.0622469589207176
"t.65","t.69",0.0114835514633221
"t.65","t.70",0.00916430865756524
"t.65","t.71",0.011344042525511
"t.65","t.72",0.00972685897342999
"t.65","t.73",0.109104178495872
"t.65","t.74",0.000416995661223342
"t.65","t.75",0.00493875265123699
"t.65","t.76",0.000738743640860668
"t.65","t.77",0.0122911991762849
"t.65","t.78",0.00894737423526371
"t.65","t.79",0.00492983081289303
"t.66","t.67",0.000540129807026875
"t.66","t.68",0.00118466020245217
"t.66","t.72",0.000686868478853641
"t.66","t.73",0.0041224962824092
"t.66","t.75",0.00281238863251781
"t.66","t.77",0.0105078622358443
"t.66","t.79",0.000632583629660695
"t.67","t.68",0.0166125221125796
"t.67","t.69",0.0670494845206535
"t.67","t.70",0.0204502656016606
"t.67","t.71",0.0292099001294141
"t.67","t.72",0.000756177408885585
"t.67","t.73",0.18633778891392
"t.67","t.74",0.0183609919220887
"t.67","t.75",0.0763011379027128
"t.67","t.76",0.00891881224440012
"t.67","t.77",0.060524276672275
"t.67","t.78",0.0559420130999924
"t.67","t.79",0.0734162062857804
"t.67","t.80",0.0622600689179994
"t.68","t.69",0.0258378364940888
"t.68","t.70",0.00470197889202742
"t.68","t.71",0.0133919458650835
"t.68","t.73",0.0576793604246782
"t.68","t.74",0.0156630463423898
"t.68","t.75",0.0192391769836767
"t.68","t.76",0.023464232122318
"t.68","t.77",0.0159287887074567
"t.68","t.78",0.0319157737278965
"t.68","t.79",0.0452445699833442
"t.68","t.80",0.0258931876971844
"t.69","t.70",0.0307223783292036
"t.69","t.71",0.0165954005568451
"t.69","t.72",0.00330237102396256
"t.69","t.73",0.0561971663059796
"t.69","t.74",0.0131827901642624
"t.69","t.75",0.0323226853349788
"t.69","t.76",0.00602185790971619
"t.69","t.77",0.00824516873925478
"t.69","t.78",0.0340165084250898
"t.69","t.79",0.100604815399615
"t.69","t.80",0.0816918526899066
"t.70","t.72",0.0337353433598059
"t.70","t.73",0.038023018416252
"t.70","t.74",0.00126196507951785
"t.70","t.75",0.0011400147084792
"t.70","t.76",0.00023686758130025
"t.70","t.77",0.000872329980421521
"t.70","t.78",0.00259457944029826
"t.70","t.79",0.00289147926156089
"t.71","t.73",0.0387023998242315
"t.71","t.75",0.0137901121625865
"t.71","t.76",0.000555977072774423
"t.71","t.78",0.046250503677757
"t.72","t.73",0.0160194222756923
"t.72","t.75",0.00382079317518434
"t.72","t.77",0.0078425272465809
"t.72","t.78",0.0038341995194517
"t.72","t.79",0.000508320079687292
"t.73","t.74",0.00517465079447424
"t.73","t.75",0.268459354699646
"t.73","t.76",0.00500641780892113
"t.73","t.77",0.0819302105801555
"t.73","t.78",0.418127864833804
"t.73","t.79",0.011514510730688
"t.73","t.80",0.0229840135758164
"t.74","t.75",0.00124922531307485
"t.74","t.76",0.0444769929365441
"t.74","t.77",0.0078507026557932
"t.74","t.78",0.00607056246700006
"t.74","t.79",0.00873368292450701
"t.75","t.76",0.000922897145873518
"t.75","t.77",0.0132029969388761
"t.75","t.78",0.0273350409280101
"t.75","t.79",0.0135444705047502
"t.75","t.80",0.0292672914337804
"t.76","t.77",0.00951435184766688
"t.76","t.78",0.00289613553172857
"t.76","t.79",0.0132182624437471
"t.77","t.78",0.0323446761948264
"t.77","t.79",0.00163006710667493
"t.77","t.80",0.00444578526031643
"t.78","t.79",0.00435608629967023
"t.78","t.80",0.00901129855717883
"t.79","t.80",0.069164154230209
